anime_id,emotion
16498,anger
1535,anger
5114,sadness
30276,surprise
11757,joy
31964,joy
22319,anger
20,anger
38000,sadness
11061,anger
32281,joy
25777,fear
9253,anger
33486,anger
19815,sadness
1735,anger
1575,anger
4224,love
28851,anger
20507,fear
35760,fear
23273,joy
31240,fear
6547,anger
36456,joy
21,anger
10620,fear
22199,joy
23755,fear
31043,sadness
38524,fear
40748,fear
21881,fear
9919,anger
24833,fear
32182,anger
30831,sadness
20583,fear
37779,joy
269,fear
22535,fear
1,anger
199,sadness
6702,joy
27899,anger
2904,sadness
18679,anger
28223,fear
40028,fear
30,fear
11111,fear
33352,anger
28171,surprise
3588,joy
13601,sadness
9989,joy
2001,fear
37450,sadness
38408,anger
38691,fear
35849,fear
28999,anger
34134,fear
14719,anger
226,anger
37999,joy
121,joy
15809,anger
10087,anger
8074,fear
28121,joy
29803,joy
34572,anger
30503,anger
2167,sadness
32937,sadness
6746,fear
35790,anger
5081,fear
11617,joy
14813,sadness
34933,joy
28891,anger
30654,anger
14741,joy
37510,joy
12189,joy
26243,anger
9756,joy
37430,joy
13759,fear
6880,fear
10793,anger
31478,fear
34599,fear
7054,anger
431,sadness
205,anger
813,joy
164,anger
40456,fear
4181,sadness
33206,anger
4898,anger
37521,love
38671,anger
18897,fear
11771,joy
18153,fear
40591,sadness
17265,surprise
32935,anger
23283,fear
32282,joy
853,joy
11741,fear
20899,anger
36511,fear
34577,anger
37520,anger
42897,joy
14227,anger
5680,joy
35120,sadness
918,fear
20785,joy
22297,joy
14513,sadness
37349,fear
23847,joy
39587,sadness
523,joy
31933,fear
26055,joy
223,joy
15583,sadness
30015,sadness
17895,sadness
33255,joy
39535,anger
42249,sadness
36474,fear
30240,joy
41587,anger
22043,joy
35507,joy
356,fear
889,sadness
2025,fear
35788,anger
849,sadness
16592,surprise
1689,love
20787,anger
35073,anger
23289,joy
19,joy
2251,joy
27775,anger
15451,anger
30296,anger
37991,fear
777,fear
6045,love
21995,joy
35968,joy
40852,fear
14345,sadness
39617,fear
10165,joy
32995,joy
32,sadness
38826,fear
35062,sadness
32615,fear
40839,sadness
24439,fear
11887,fear
18115,sadness
33674,joy
28701,joy
47778,anger
40221,fear
38101,anger
30484,sadness
38883,joy
1195,anger
16782,sadness
25157,sadness
48583,anger
10719,anger
16894,anger
34566,joy
2966,joy
36098,joy
41353,joy
25013,joy
4654,surprise
457,joy
934,fear
12355,joy
11843,joy
33487,sadness
37675,fear
227,sadness
18507,anger
10408,fear
2236,fear
28623,sadness
245,joy
47,anger
32729,fear
13125,joy
24703,fear
39195,fear
28907,fear
37799,sadness
249,anger
30694,fear
29786,anger
39551,anger
14467,anger
28677,anger
36649,fear
32867,anger
28927,joy
37347,fear
42203,sadness
11597,fear
32542,joy
11759,anger
33506,anger
30307,fear
18671,sadness
31798,sadness
41025,sadness
24415,joy
6,anger
37086,joy
31859,joy
38680,surprise
1210,anger
270,fear
32901,sadness
1482,sadness
8769,joy
31765,joy
31722,joy
11633,surprise
34902,joy
36896,joy
40776,fear
2993,love
36949,anger
38040,fear
339,sadness
27787,sadness
37105,joy
28825,joy
7791,joy
42361,sadness
32951,joy
39597,fear
1818,anger
37982,anger
43299,anger
39701,joy
32998,sadness
2476,fear
17074,fear
37210,sadness
1887,joy
32949,joy
31646,sadness
23233,joy
22789,anger
6347,anger
23281,anger
16742,sadness
392,joy
30544,anger
14289,anger
28297,joy
22147,joy
8841,fear
9041,joy
39547,anger
18277,joy
34618,fear
40956,joy
30123,joy
40496,joy
8525,fear
3455,anger
34280,joy
48926,joy
23277,joy
37141,joy
7674,joy
28497,joy
790,sadness
38329,joy
578,sadness
33489,joy
225,anger
41389,joy
527,surprise
14713,sadness
23321,fear
7311,anger
3457,sadness
19163,fear
14075,anger
16067,anger
35994,sadness
11499,fear
34542,anger
6213,fear
17729,sadness
43,fear
437,joy
9513,anger
39783,joy
7724,joy
45576,joy
877,fear
36882,fear
36475,fear
15315,surprise
11577,fear
31580,fear
7593,anger
33,fear
5630,joy
28977,joy
2034,surprise
34612,sadness
1604,sadness
136,fear
6707,joy
6594,joy
39940,anger
25183,anger
40052,sadness
41487,joy
355,fear
16870,joy
15689,fear
25397,anger
27631,fear
35860,joy
120,fear
38659,joy
14749,anger
48736,anger
8425,joy
14967,sadness
31637,anger
31339,fear
4382,fear
41457,anger
512,joy
40540,sadness
40938,anger
5681,joy
22729,fear
4081,anger
2759,fear
31442,anger
38003,joy
2890,fear
263,fear
7088,joy
36407,joy
34822,joy
1840,fear
39534,love
11013,fear
31404,sadness
9260,fear
40454,fear
9969,surprise
3784,fear
40750,joy
71,fear
32105,joy
1943,fear
35203,love
10110,joy
1519,sadness
8675,fear
39565,joy
10162,anger
34403,joy
39533,fear
36563,anger
5341,joy
59,sadness
45,joy
34382,anger
38656,joy
16011,anger
23199,fear
8861,sadness
5958,joy
1889,sadness
25781,joy
36296,joy
34881,sadness
34561,fear
35839,joy
31181,surprise
14833,anger
31741,joy
40902,anger
37976,sadness
35972,sadness
42923,joy
1691,anger
38668,sadness
39247,sadness
8937,anger
34281,fear
34662,joy
34497,joy
15225,sadness
23673,joy
21603,fear
513,fear
3712,joy
15051,anger
10800,love
237,anger
33731,anger
37987,love
28755,joy
40010,joy
34798,sadness
25835,joy
36038,sadness
13659,anger
31636,joy
6956,joy
5530,fear
38790,joy
9656,joy
32093,sadness
27989,anger
24765,joy
46095,anger
10863,anger
39463,fear
10161,anger
18397,joy
31758,joy
31953,love
32899,love
37171,anger
32887,joy
232,joy
21855,joy
6573,sadness
4214,anger
31737,joy
7785,sadness
31757,sadness
2593,surprise
40417,joy
17549,joy
35557,surprise
11319,anger
48556,fear
12549,anger
38483,sadness
25159,joy
28025,fear
25537,anger
22265,fear
19221,sadness
33988,love
34451,joy
13161,anger
21843,anger
4063,sadness
16417,anger
28805,fear
3785,sadness
49926,fear
38186,sadness
29095,fear
552,fear
41226,joy
467,anger
12445,fear
10080,fear
27831,joy
7817,joy
20031,joy
32686,joy
38555,joy
44511,joy
22145,joy
39017,joy
10790,joy
20541,surprise
24405,fear
6114,anger
12293,anger
34934,fear
323,fear
11433,surprise
40935,anger
21405,anger
150,sadness
481,fear
20853,anger
8516,anger
16049,joy
8630,anger
32380,joy
30749,anger
30363,sadness
35851,sadness
48580,fear
27833,joy
39196,sadness
48483,joy
47790,joy
35180,joy
41120,anger
28249,anger
33502,fear
4752,sadness
35247,fear
8676,sadness
15037,sadness
38472,sadness
3470,joy
8795,anger
12531,joy
154,joy
22135,joy
41433,anger
13663,anger
530,sadness
11981,joy
6033,anger
41491,anger
11285,fear
22877,sadness
1292,anger
33926,joy
25681,fear
33475,anger
5,fear
857,fear
16762,sadness
31338,anger
21647,sadness
11785,anger
7647,anger
10030,joy
42938,sadness
37345,joy
384,sadness
228,sadness
572,anger
39026,anger
19369,fear
32262,anger
35466,joy
6675,joy
37984,joy
39741,sadness
41168,joy
10490,joy
2605,anger
40834,sadness
48561,fear
26349,surprise
36633,joy
10495,anger
12413,anger
31173,love
20057,surprise
30727,joy
34626,joy
16706,fear
32189,fear
46352,joy
24455,fear
40571,surprise
36862,fear
16524,fear
32379,anger
268,joy
21431,fear
33049,joy
17513,fear
15379,fear
430,sadness
5682,fear
9289,joy
48661,sadness
3002,fear
24,love
40911,joy
36946,fear
44961,sadness
12365,joy
235,surprise
37475,anger
40060,anger
2104,sadness
202,sadness
10396,joy
32827,fear
11703,joy
9181,fear
27991,fear
38759,sadness
30911,surprise
57,anger
2418,fear
185,anger
43692,fear
6500,fear
20767,joy
9367,fear
17247,anger
5042,anger
34443,joy
36028,anger
40908,surprise
40046,surprise
66,surprise
13667,anger
2787,anger
14349,joy
585,joy
12291,joy
38572,anger
1698,sadness
7711,surprise
27655,anger
9617,joy
46471,anger
30016,joy
35413,fear
21085,anger
28725,fear
31704,anger
41899,joy
41456,anger
21327,joy
40497,anger
4059,anger
37435,joy
27821,joy
861,fear
31764,joy
36793,sadness
20021,anger
1726,joy
37497,fear
38397,anger
34636,fear
39792,joy
35838,sadness
9379,joy
101,joy
20689,surprise
33028,surprise
9515,fear
40586,sadness
10163,fear
31163,fear
24133,anger
3786,sadness
46102,joy
38753,anger
40716,joy
10721,joy
72,joy
22663,joy
15417,joy
32828,anger
820,anger
1559,fear
8086,joy
18677,joy
14199,love
15085,sadness
4975,fear
40530,joy
37786,sadness
22101,anger
6211,anger
2246,anger
10213,joy
11933,anger
34437,anger
8407,surprise
40787,anger
13655,sadness
16662,joy
486,joy
38993,sadness
35222,sadness
39710,sadness
15039,sadness
14131,joy
21939,surprise
33253,anger
33743,anger
35639,joy
31952,joy
34279,joy
16918,joy
41710,anger
37095,sadness
39326,love
6205,joy
43969,joy
40056,anger
79,joy
28735,joy
2472,fear
34096,anger
12467,joy
35076,anger
28819,anger
442,anger
3731,sadness
7769,anger
33050,fear
37744,fear
41619,fear
35946,fear
48569,joy
35847,fear
9936,love
36106,sadness
12477,anger
29758,fear
39198,joy
9062,anger
38992,joy
37965,anger
43523,fear
44,anger
12729,sadness
34984,fear
1530,sadness
41488,anger
68,anger
21863,anger
40904,joy
36286,joy
36726,anger
4901,anger
31845,anger
6811,anger
32902,sadness
170,anger
1686,fear
32648,anger
7592,joy
37517,joy
14829,joy
36470,joy
40004,love
19429,anger
11737,fear
189,sadness
39575,joy
6512,anger
4722,anger
6351,joy
31229,fear
759,anger
21557,sadness
73,joy
10521,surprise
25099,fear
387,fear
10588,anger
16,love
21339,joy
5060,joy
16001,anger
7338,fear
31376,joy
40262,joy
44203,joy
20047,anger
2924,anger
31658,anger
18753,fear
5258,joy
38573,fear
35712,joy
29785,fear
16904,sadness
19111,joy
3092,fear
528,joy
30885,anger
43690,fear
38610,fear
21105,joy
24701,fear
34914,joy
35848,anger
4437,anger
41345,joy
19769,anger
28979,joy
20847,anger
28675,sadness
34176,fear
3503,fear
597,anger
25283,anger
10067,sadness
41006,fear
38080,joy
11761,joy
35928,fear
10379,joy
42351,anger
39491,fear
38084,fear
31,fear
40507,sadness
12859,fear
38778,joy
35376,surprise
39586,anger
5300,joy
10568,fear
25879,joy
210,anger
6682,fear
6324,joy
4725,anger
39292,anger
239,joy
6773,sadness
329,joy
12175,joy
18245,sadness
30346,joy
8424,anger
32188,sadness
35608,anger
30458,anger
36023,fear
5277,anger
21561,joy
41380,anger
31374,anger
11665,fear
2889,fear
40595,anger
37055,joy
41930,joy
21877,joy
34104,sadness
32268,joy
14353,anger
3782,fear
8246,joy
23317,joy
1222,fear
37569,fear
40594,joy
36432,anger
30736,joy
4282,fear
13535,joy
18689,anger
26,fear
42205,joy
1571,fear
550,fear
39523,joy
39468,fear
36027,anger
48849,fear
19775,anger
21273,joy
43007,joy
177,surprise
60,anger
28617,sadness
14397,love
5040,joy
2026,sadness
22687,anger
33161,joy
19647,joy
8129,joy
6747,fear
801,fear
936,fear
5356,fear
18179,joy
4835,fear
20159,joy
34944,fear
9863,joy
4155,anger
41402,joy
3783,sadness
31904,sadness
31414,joy
1313,surprise
29093,sadness
9941,sadness
10589,fear
33836,joy
16009,joy
15335,sadness
29854,anger
39576,fear
416,fear
30205,anger
38414,fear
32438,surprise
48761,fear
21511,fear
18139,anger
6201,joy
2129,sadness
34012,joy
4896,joy
317,fear
16934,fear
44037,joy
2581,fear
37451,fear
34712,surprise
2923,fear
16035,joy
6922,joy
39988,surprise
9926,joy
5525,anger
7193,anger
31251,anger
1827,fear
36266,fear
145,joy
433,fear
31405,joy
18119,anger
4186,fear
31988,joy
21033,sadness
7148,fear
38480,anger
38297,fear
30187,sadness
4280,sadness
10218,anger
35330,joy
33047,anger
3702,joy
13367,anger
12049,fear
4999,fear
36999,surprise
31245,sadness
16201,anger
23309,joy
31716,surprise
48753,sadness
4565,joy
12967,anger
482,joy
38481,anger
41094,joy
36220,fear
64,sadness
12115,fear
41694,sadness
41103,surprise
9760,joy
21507,fear
322,surprise
44074,joy
16664,joy
13357,joy
5205,fear
14837,joy
37614,fear
24231,sadness
37208,fear
38816,sadness
31297,sadness
41468,fear
10321,joy
440,sadness
2144,joy
8247,anger
35363,joy
21659,joy
44276,anger
16353,love
10711,anger
11979,sadness
42192,sadness
38793,joy
5909,joy
6166,sadness
35240,fear
35484,joy
357,anger
32962,joy
38830,fear
2994,joy
34498,fear
8557,anger
11977,fear
12113,fear
37202,fear
376,joy
34321,joy
874,joy
11179,sadness
5781,fear
6325,fear
29067,joy
37348,joy
5231,sadness
23623,joy
44942,anger
25731,anger
3652,sadness
10020,joy
10012,joy
19685,fear
10155,fear
40542,fear
2926,joy
61,fear
39324,joy
40421,joy
11701,fear
43325,anger
134,sadness
24655,joy
10357,sadness
35079,sadness
4087,joy
174,anger
18229,fear
42282,joy
5204,fear
32370,fear
8142,sadness
33478,joy
35459,anger
38249,fear
32979,fear
12431,joy
186,joy
31629,fear
37993,fear
33421,fear
38474,joy
19315,sadness
1690,joy
36838,anger
67,anger
1699,anger
18095,sadness
30347,anger
39539,fear
267,anger
27,anger
1117,anger
16732,sadness
13331,anger
41946,joy
48,fear
10460,joy
40708,joy
9135,anger
35905,joy
3167,fear
12031,anger
37403,joy
47257,joy
23251,surprise
10271,anger
39030,fear
13599,fear
7059,joy
19703,anger
32360,anger
3342,sadness
12403,joy
10456,sadness
35843,anger
13469,surprise
13271,fear
40483,anger
34019,joy
8888,fear
469,fear
1254,joy
1564,sadness
10578,anger
3901,anger
15605,love
5940,joy
15699,joy
31812,fear
15,fear
8277,joy
33095,joy
37972,sadness
1639,joy
22865,joy
36548,sadness
34825,joy
32900,sadness
38145,sadness
240,anger
33433,sadness
30778,fear
10029,love
40397,sadness
22,fear
5030,love
40729,fear
32526,joy
11553,sadness
195,fear
34964,anger
1536,sadness
38787,joy
9330,joy
1281,sadness
31559,anger
31490,sadness
14811,joy
10079,joy
2963,joy
43439,joy
5667,sadness
34591,fear
97,anger
37446,joy
1118,surprise
21353,joy
1723,anger
34103,sadness
8408,fear
31553,fear
15227,joy
6372,anger
16512,fear
3667,fear
19489,joy
12883,sadness
31174,joy
37491,anger
3655,sadness
36516,joy
38594,love
22961,fear
31710,joy
6895,fear
9982,joy
38349,anger
33929,surprise
16668,joy
23079,joy
23421,anger
36704,joy
4789,joy
40436,joy
17777,joy
50265,joy
37989,fear
23333,anger
3958,anger
28621,fear
32801,fear
6007,joy
5678,joy
40620,sadness
39790,fear
93,anger
1033,sadness
33581,anger
28387,fear
39063,fear
17909,sadness
18001,fear
11235,joy
856,fear
9074,fear
169,fear
42916,sadness
330,sadness
12679,surprise
18195,joy
543,fear
34055,anger
5355,anger
10049,anger
42340,anger
25389,joy
36904,sadness
36864,joy
13333,joy
395,anger
1594,anger
44200,fear
23327,joy
6802,joy
20457,joy
18,joy
48414,fear
37393,joy
19951,joy
4981,sadness
721,joy
846,love
1562,anger
50,sadness
570,sadness
32603,joy
4107,joy
38924,joy
38909,joy
468,fear
477,joy
90,anger
37396,joy
25015,fear
24705,anger
42625,fear
257,fear
39175,fear
34480,joy
20509,love
32407,fear
11123,sadness
6862,joy
33003,joy
10397,anger
33337,fear
40815,joy
37259,sadness
4744,joy
6421,joy
36885,joy
187,joy
29589,joy
16157,joy
24873,joy
256,sadness
42627,joy
1132,joy
10278,joy
33654,sadness
33094,joy
30709,sadness
26443,fear
7472,fear
27829,fear
42544,sadness
20709,anger
47159,joy
38328,fear
18893,anger
4548,fear
19291,joy
26441,anger
10798,sadness
34383,anger
49114,fear
11241,fear
182,fear
22273,fear
740,joy
17741,joy
5177,sadness
400,joy
28391,anger
41312,fear
35889,anger
46093,joy
63,anger
43814,fear
25519,fear
1119,fear
42603,joy
8915,sadness
3927,anger
3572,fear
138,anger
33071,joy
6637,fear
41812,anger
32681,fear
15565,anger
21185,joy
39456,fear
2596,fear
34494,anger
38256,joy
25429,sadness
241,sadness
6030,anger
16005,joy
23311,fear
9736,joy
33834,love
17831,anger
687,love
2164,joy
20973,joy
36754,sadness
29974,fear
34102,fear
19363,anger
147,fear
21563,fear
35241,joy
34051,anger
3701,sadness
36124,fear
149,sadness
2404,fear
38959,fear
14751,fear
4182,sadness
38889,sadness
157,fear
905,fear
37806,fear
16528,sadness
14527,joy
42826,fear
7590,joy
9331,fear
532,fear
13807,sadness
32494,anger
35756,sadness
24151,sadness
39555,sadness
31821,anger
153,joy
31680,fear
3091,anger
4177,sadness
139,anger
534,anger
898,anger
855,joy
34620,surprise
40515,joy
37597,joy
32245,fear
15117,fear
10418,fear
36817,love
1829,fear
3467,joy
38234,joy
49930,joy
32271,anger
10073,anger
1565,joy
42590,sadness
34262,joy
15197,anger
5507,fear
19151,anger
114,anger
9750,fear
7662,fear
25,anger
4472,surprise
2952,fear
36873,joy
17827,fear
11837,anger
135,joy
39071,surprise
4106,anger
160,sadness
15119,joy
26351,fear
3972,joy
19365,joy
34213,anger
37525,joy
12893,joy
3228,anger
30385,fear
21329,fear
31630,joy
30485,anger
166,sadness
24031,fear
40059,sadness
5690,joy
28405,anger
896,fear
30230,joy
40615,love
32924,fear
36653,joy
33012,fear
11743,joy
48614,fear
1029,joy
47161,anger
33010,sadness
20431,anger
10119,joy
617,anger
36316,sadness
8426,sadness
24997,joy
33051,joy
15059,joy
5112,joy
30370,sadness
885,sadness
37426,joy
32673,sadness
34136,sadness
22097,joy
25303,joy
22547,fear
4884,anger
21743,anger
903,sadness
7465,joy
4477,joy
18393,anger
36936,sadness
33191,anger
10897,sadness
37379,joy
27601,fear
29787,joy
35828,fear
18497,joy
36903,joy
46985,sadness
967,joy
40532,fear
762,joy
10033,joy
32696,sadness
9136,love
23385,surprise
34414,fear
137,anger
4581,anger
4551,joy
906,fear
36632,joy
31592,fear
30383,joy
5079,fear
132,joy
9479,fear
32491,joy
29976,surprise
39570,joy
264,fear
5941,anger
8476,fear
80,anger
29317,love
44881,fear
369,fear
3297,joy
39199,anger
6444,sadness
40974,fear
10794,love
28957,surprise
899,fear
9734,joy
40623,anger
22507,fear
30279,joy
133,surprise
250,sadness
40907,fear
48471,joy
3230,joy
37926,fear
243,sadness
969,anger
34392,joy
22835,anger
33018,fear
35249,joy
31706,sadness
16397,anger
40746,anger
25517,fear
8536,joy
38735,fear
37033,joy
35677,joy
4720,joy
15751,joy
28619,fear
25649,love
3229,anger
40128,joy
165,fear
949,joy
894,fear
41265,anger
28833,anger
2216,joy
479,surprise
49721,joy
6987,fear
34350,anger
31914,surprise
33203,sadness
390,joy
98,fear
4192,joy
33377,anger
900,joy
36652,joy
16890,fear
904,anger
37447,surprise
123,fear
40392,joy
34300,anger
743,sadness
13939,joy
248,joy
710,fear
32668,love
35338,anger
45572,anger
25687,fear
11751,sadness
834,sadness
1120,surprise
15613,fear
33354,surprise
30127,sadness
902,anger
8934,fear
935,fear
37722,sadness
31537,joy
20931,fear
897,joy
6793,sadness
32948,fear
6954,fear
372,anger
12711,sadness
8479,anger
2961,joy
1239,joy
34544,joy
14407,fear
41911,joy
35821,anger
38940,fear
37823,anger
12461,fear
14921,joy
2403,anger
7,anger
14765,fear
1526,anger
16355,joy
198,joy
30091,anger
12029,anger
37007,anger
2002,fear
37920,joy
48553,joy
287,fear
459,joy
30806,fear
15199,fear
53,sadness
21681,joy
12565,sadness
251,fear
40870,fear
9981,joy
31318,anger
14807,anger
36792,joy
272,fear
7858,anger
34973,joy
34537,surprise
1122,fear
12231,fear
1606,joy
32032,joy
13055,surprise
32083,fear
666,joy
24211,fear
1430,fear
45613,joy
895,anger
288,joy
23209,joy
405,anger
31109,anger
36317,joy
31588,joy
32936,joy
2131,surprise
379,fear
2847,joy
10447,fear
40960,anger
996,sadness
1462,anger
40936,anger
122,sadness
38619,joy
38935,joy
65,fear
1142,joy
14753,joy
30901,anger
41392,sadness
6377,surprise
7627,sadness
44931,surprise
2154,fear
40359,anger
37932,surprise
28069,sadness
44516,fear
39808,joy
15911,surprise
17389,anger
35983,joy
94,anger
32698,anger
27957,joy
1498,fear
33985,fear
11783,joy
36039,anger
33036,love
6171,anger
40679,joy
6974,fear
102,anger
32981,fear
32607,joy
48406,sadness
31500,joy
31389,anger
5262,fear
5342,joy
3713,sadness
44055,anger
76,sadness
1965,fear
33948,fear
1088,fear
450,sadness
5118,anger
19383,fear
16774,anger
15109,fear
985,anger
33513,surprise
587,anger
37985,anger
32977,anger
21177,sadness
1722,anger
32086,fear
19117,joy
9776,sadness
31715,joy
5150,surprise
39486,anger
37078,fear
32595,love
15201,anger
4970,joy
36043,sadness
26165,anger
2494,joy
3087,fear
2156,fear
2159,anger
1579,joy
452,fear
246,anger
37377,joy
28883,anger
1566,surprise
18617,anger
13411,fear
7058,sadness
45055,sadness
33263,anger
193,joy
325,joy
451,anger
37579,joy
658,fear
74,joy
3299,sadness
627,love
986,anger
13391,fear
522,anger
371,joy
1004,sadness
34034,surprise
37986,anger
265,sadness
12471,sadness
30014,fear
1250,fear
39355,fear
1412,anger
6164,joy
529,fear
34152,joy
8768,fear
36906,anger
1030,fear
37515,anger
5039,anger
24687,fear
28,joy
10378,joy
37585,sadness
35078,fear
2685,fear
31051,joy
37440,fear
11021,anger
9834,joy
10681,fear
3974,anger
9107,joy
167,sadness
40685,fear
6336,anger
957,joy
18295,anger
40730,anger
5365,fear
39569,fear
4719,fear
31771,love
37514,joy
32094,sadness
14293,joy
1121,joy
22433,fear
31931,joy
5671,anger
488,joy
24627,anger
42395,surprise
33091,sadness
36214,love
37492,joy
1546,fear
32071,fear
15775,joy
21845,fear
13403,sadness
37522,fear
48997,anger
2927,surprise
10611,joy
34438,anger
11077,anger
8876,joy
3358,joy
462,joy
30321,joy
48488,love
12815,joy
449,fear
35842,joy
3420,love
584,surprise
487,sadness
47250,anger
30895,love
2986,sadness
567,sadness
15771,joy
18767,joy
43756,joy
27663,joy
31430,anger
36510,sadness
25867,fear
38192,fear
12979,joy
6774,fear
48239,sadness
34541,fear
42250,fear
9587,joy
1050,joy
14669,sadness
196,surprise
4672,joy
40752,surprise
39469,joy
17505,fear
28423,sadness
974,sadness
594,anger
30415,joy
34525,joy
7588,joy
8449,fear
40416,anger
464,surprise
31147,joy
38476,joy
9922,sadness
39799,fear
338,anger
37716,joy
11739,joy
44807,fear
34100,sadness
31452,fear
190,sadness
14175,anger
24075,joy
38450,anger
9065,sadness
6574,fear
6772,anger
1860,anger
17082,anger
35015,anger
1589,fear
10491,joy
306,sadness
21437,fear
859,joy
16444,love
6572,fear
41783,fear
33605,sadness
42670,joy
4026,anger
34440,sadness
37981,fear
460,fear
29755,fear
3407,joy
6381,joy
634,sadness
16694,joy
9314,sadness
30711,sadness
761,joy
20555,joy
180,anger
30782,sadness
14515,sadness
30740,joy
38843,sadness
37994,sadness
33573,joy
2508,joy
5420,anger
12487,joy
5962,love
168,fear
427,joy
27727,joy
3366,fear
2201,fear
8857,fear
6178,anger
10572,anger
25161,sadness
27441,joy
2116,love
38161,joy
36902,sadness
13585,anger
35823,fear
31380,joy
37442,anger
28221,joy
49605,joy
33023,joy
156,anger
32175,joy
39651,joy
31456,fear
33080,joy
24629,joy
39388,joy
21473,fear
3594,anger
37441,fear
32108,fear
33089,joy
48492,fear
28625,anger
10156,sadness
33589,anger
36884,fear
40858,anger
8740,anger
565,joy
1074,joy
24037,joy
34658,joy
2130,joy
35540,joy
2402,sadness
40513,sadness
21653,anger
31378,fear
37979,anger
412,sadness
845,fear
23269,joy
1303,anger
10389,surprise
32366,anger
732,sadness
6586,joy
38731,joy
1956,anger
19759,joy
37498,anger
58,fear
36245,fear
5034,anger
62,joy
11135,joy
32323,fear
49877,fear
35589,fear
2899,anger
50360,anger
38853,fear
31433,anger
8577,sadness
36828,joy
18041,fear
1852,joy
30364,sadness
22123,anger
34501,anger
20651,love
2248,fear
81,joy
962,joy
478,fear
10294,joy
10851,fear
411,anger
34580,surprise
31080,joy
2795,sadness
14355,love
38814,joy
461,anger
4726,sadness
665,joy
343,joy
521,joy
873,joy
1002,sadness
966,joy
31804,anger
2397,anger
696,love
875,surprise
32023,fear
591,joy
8917,joy
7079,joy
31783,anger
37998,fear
1709,fear
4535,love
23587,anger
28013,fear
35503,joy
31483,joy
21039,anger
36480,sadness
54,joy
10507,joy
10686,joy
35427,joy
23945,sadness
10465,anger
3225,joy
10372,anger
601,joy
35868,anger
516,fear
1293,anger
34277,joy
1365,joy
28791,fear
16385,fear
1894,anger
1015,sadness
11697,anger
463,anger
3001,joy
22839,joy
1361,anger
42072,joy
36144,anger
1140,anger
35198,joy
7082,joy
8100,joy
6610,sadness
6023,love
3613,joy
40215,sadness
953,anger
34547,anger
1816,anger
12317,fear
10464,joy
32551,fear
32608,joy
6203,anger
15195,fear
19319,joy
1470,anger
5391,joy
1454,fear
39806,fear
38062,joy
987,joy
10015,joy
23225,joy
12685,joy
9000,anger
16518,joy
908,anger
49357,joy
11227,joy
940,anger
5734,fear
8063,sadness
31763,anger
109,anger
586,fear
558,joy
770,sadness
33222,joy
11113,joy
6634,anger
28771,anger
10083,fear
34148,fear
143,fear
41762,joy
209,joy
514,anger
36990,joy
535,joy
17121,sadness
5028,joy
4918,surprise
23121,joy
8310,joy
37407,fear
31223,joy
40333,joy
16700,fear
24543,fear
34565,joy
7661,sadness
35110,sadness
40682,joy
298,joy
31091,joy
7695,anger
21677,surprise
8634,anger
36934,love
5835,joy
34465,joy
6408,joy
21809,fear
4151,fear
37221,fear
38422,joy
32664,joy
6864,sadness
2985,joy
34439,joy
14283,joy
408,fear
5162,joy
1842,joy
779,fear
393,sadness
551,joy
32863,anger
37885,joy
9047,fear
4866,love
19855,fear
850,surprise
35220,anger
85,anger
33771,anger
9201,anger
39221,anger
465,fear
23237,joy
6945,joy
880,anger
45560,joy
2594,anger
368,anger
10937,anger
31149,joy
96,anger
42307,fear
40074,anger
27783,fear
35111,joy
413,fear
9712,sadness
33248,anger
30191,surprise
43691,anger
33338,sadness
27947,joy
40351,surprise
208,love
1453,sadness
389,anger
1568,joy
1669,surprise
77,joy
793,joy
144,joy
15125,anger
31848,joy
238,surprise
37651,joy
1023,fear
158,joy
48675,joy
19511,surprise
9675,joy
4196,sadness
1815,fear
907,joy
41833,fear
32483,fear
37952,surprise
435,joy
3226,joy
3603,joy
48375,anger
37576,anger
502,anger
3841,joy
6758,sadness
22429,sadness
320,anger
1569,joy
23383,anger
207,fear
6676,sadness
8311,fear
326,love
36943,joy
40879,surprise
531,joy
1486,joy
9624,love
49520,joy
36538,fear
5593,fear
21667,joy
2369,fear
42822,fear
14093,joy
33558,fear
781,anger
31564,joy
100,fear
5337,anger
23441,joy
12149,sadness
713,sadness
17187,fear
16868,joy
21167,joy
1719,anger
34076,joy
37964,fear
30795,fear
276,sadness
40165,joy
42571,joy
49738,anger
490,joy
4879,surprise
38409,joy
104,joy
37436,fear
41834,anger
2158,anger
35298,joy
40906,joy
34177,joy
146,surprise
39753,joy
36318,anger
3231,anger
1251,fear
36525,surprise
36587,anger
39819,sadness
40206,joy
7655,joy
25859,fear
34009,anger
6288,joy
7337,anger
31790,joy
3656,surprise
40230,joy
8726,joy
3848,sadness
10779,anger
780,fear
489,joy
1364,anger
49053,joy
11371,anger
36094,joy
33783,anger
37458,anger
43229,fear
13203,fear
891,fear
191,joy
394,anger
5220,anger
3359,anger
21639,joy
21439,joy
9938,joy
106,sadness
36702,fear
1363,fear
10417,fear
20053,joy
1013,fear
44983,fear
38295,joy
33899,surprise
25839,joy
52,joy
1696,anger
23133,fear
2273,anger
20359,anger
28211,sadness
18523,fear
161,sadness
15793,fear
33082,anger
32866,fear
13115,sadness
10604,joy
6893,anger
35834,fear
9117,joy
20903,joy
18411,anger
24135,joy
893,anger
37578,fear
14511,joy
33323,joy
33197,joy
1138,fear
508,joy
34966,anger
5460,sadness
38936,joy
419,anger
1016,joy
1836,joy
297,joy
34299,anger
35248,fear
1557,fear
5279,anger
15863,anger
19123,joy
35757,sadness
35678,joy
40434,fear
39730,joy
17821,joy
553,anger
44087,fear
1379,sadness
14653,anger
34504,anger
19367,surprise
2471,joy
34839,sadness
3089,joy
1051,joy
1257,sadness
2951,anger
142,joy
31733,fear
1172,fear
32171,fear
20517,joy
36950,joy
38337,joy
129,anger
11491,surprise
3375,joy
38302,joy
33889,joy
39583,sadness
3759,anger
19391,joy
19023,fear
9925,anger
1614,joy
345,love
49596,anger
892,sadness
181,anger
7705,anger
40803,anger
31645,fear
27387,sadness
11763,anger
41074,fear
1915,joy
82,love
42668,anger
4163,joy
1367,joy
1731,fear
6467,fear
9917,anger
49,anger
341,anger
6633,joy
33299,love
17269,anger
31540,joy
4415,anger
32947,joy
1506,fear
38086,joy
5597,anger
29575,joy
2981,joy
13261,fear
2030,fear
41169,joy
2398,joy
334,joy
7748,fear
997,surprise
9539,joy
2142,fear
40075,joy
12581,anger
31665,joy
36517,fear
29163,joy
34514,joy
32566,sadness
99,joy
18465,anger
37281,sadness
31552,joy
5074,fear
218,anger
2006,fear
17157,anger
1808,sadness
886,sadness
10659,anger
1953,joy
46,joy
40961,anger
1813,sadness
39417,fear
23227,joy
10075,joy
34543,sadness
738,joy
24011,joy
18851,anger
7367,fear
15133,sadness
35629,fear
34540,joy
37487,sadness
746,love
19191,anger
5152,joy
539,fear
290,anger
19653,sadness
1532,sadness
31621,joy
18495,joy
350,sadness
6046,joy
667,sadness
31973,anger
1212,anger
1060,joy
30721,joy
7411,joy
34777,anger
39235,joy
49785,joy
20033,joy
37341,joy
476,fear
417,joy
51,fear
38815,sadness
12753,anger
1366,anger
6489,joy
40526,sadness
1218,fear
990,anger
7580,fear
24781,sadness
5774,anger
6645,fear
5252,anger
47391,joy
2175,surprise
12695,fear
41379,love
37140,sadness
32878,fear
20543,fear
4262,joy
12929,fear
4618,surprise
3791,anger
984,anger
596,fear
91,anger
48438,anger
441,surprise
49854,anger
34209,surprise
25805,fear
16239,joy
12187,joy
8624,anger
37958,sadness
34792,sadness
20545,joy
1668,fear
42847,joy
34389,joy
822,sadness
22537,fear
34368,joy
75,joy
1505,anger
789,joy
40934,joy
1824,sadness
10536,joy
50204,sadness
31121,joy
10893,surprise
49310,joy
12671,fear
6624,surprise
2559,joy
5675,joy
27411,fear
44042,sadness
4246,joy
9618,joy
741,anger
4037,anger
6951,fear
10308,fear
2148,love
569,anger
21469,anger
2962,sadness
8410,joy
39567,joy
4038,joy
274,fear
42892,anger
10232,joy
22189,joy
916,anger
38276,joy
37804,fear
38733,surprise
6973,fear
4550,fear
10187,joy
650,anger
1107,joy
32547,sadness
32214,joy
30375,joy
1347,fear
302,fear
995,joy
36397,anger
10336,anger
37598,fear
474,joy
23325,fear
21573,fear
36108,sadness
22763,sadness
7768,joy
37975,joy
30868,sadness
9963,fear
1601,sadness
2112,love
3210,joy
5984,surprise
35075,joy
4447,anger
18619,joy
41053,anger
23279,fear
6791,joy
603,joy
33190,sadness
3328,joy
49236,anger
10740,anger
39337,anger
16982,sadness
46569,anger
860,anger
1089,anger
15005,joy
19193,anger
38390,sadness
48760,fear
7334,anger
33019,fear
37924,anger
3654,anger
7720,joy
5041,fear
10330,anger
38777,anger
95,anger
18097,joy
12367,joy
1087,love
87,fear
8038,anger
6098,joy
12119,joy
3653,sadness
50346,joy
415,joy
23605,anger
1810,joy
36259,fear
30355,joy
34338,joy
3549,joy
33031,joy
819,love
24855,joy
11313,anger
34823,love
1017,anger
17397,joy
35000,fear
304,anger
16680,anger
18745,joy
2921,sadness
1681,sadness
40080,joy
11005,fear
593,anger
9055,joy
27911,joy
33845,joy
448,anger
1469,joy
242,joy
1913,fear
32447,joy
29325,anger
45425,fear
41372,fear
1110,sadness
35251,fear
37154,fear
563,joy
24625,anger
42568,joy
34866,fear
40646,joy
670,joy
37936,anger
17115,joy
40148,joy
50175,joy
37601,fear
34284,joy
1034,anger
36275,love
2171,joy
879,joy
30705,joy
9751,fear
7739,joy
9014,love
16910,sadness
2386,anger
34534,joy
40930,joy
26085,anger
43767,anger
3616,joy
1538,love
33970,sadness
173,surprise
9332,fear
50185,fear
49235,joy
32212,anger
3464,surprise
37206,love
1095,fear
20533,fear
10370,surprise
28607,anger
42774,sadness
31499,joy
11859,joy
21899,anger
34549,sadness
48776,joy
5178,sadness
4039,joy
15061,joy
39531,sadness
84,anger
35997,sadness
659,fear
6867,anger
37188,surprise
252,joy
9441,joy
9735,anger
12117,fear
37992,joy
21569,joy
35835,joy
31178,anger
10624,sadness
1914,joy
618,joy
795,anger
48453,joy
1543,joy
35320,joy
1240,fear
19195,anger
35857,joy
35252,surprise
8241,joy
2449,anger
10259,anger
3515,sadness
32574,joy
33983,anger
30137,anger
26057,joy
33726,sadness
24531,joy
30437,sadness
1576,anger
21419,fear
36037,anger
37027,sadness
4334,fear
5702,joy
385,joy
32555,joy
40102,joy
31418,sadness
33392,joy
8457,anger
5521,joy
28149,joy
2602,surprise
34445,sadness
5914,sadness
335,anger
33280,sadness
37869,joy
12191,joy
36840,sadness
37338,joy
194,anger
46604,anger
38395,joy
1642,joy
509,fear
3298,joy
9120,anger
25313,joy
33531,fear
230,joy
14237,joy
16051,joy
86,joy
35159,fear
36816,anger
33204,fear
690,sadness
1192,fear
49292,fear
15439,sadness
3615,joy
5163,joy
40786,anger
27969,fear
33850,fear
3466,surprise
2385,fear
2970,fear
37831,joy
107,fear
30585,fear
44387,fear
1555,fear
39545,fear
37807,fear
9874,joy
1974,joy
9958,surprise
4021,joy
33350,anger
2595,sadness
1710,joy
37254,fear
1520,anger
21635,joy
4028,surprise
1067,anger
32005,joy
756,love
10582,joy
21241,surprise
40256,joy
19469,sadness
42941,joy
719,joy
38544,joy
39495,sadness
40964,fear
14941,anger
1157,anger
2563,fear
47591,fear
3014,anger
3508,joy
15489,fear
2752,joy
2683,anger
21415,joy
863,joy
1570,joy
568,fear
40196,joy
155,sadness
8918,sadness
15651,fear
2608,anger
10884,sadness
31289,joy
538,joy
47194,fear
3220,fear
37496,anger
49519,anger
279,anger
5228,anger
14735,fear
10643,sadness
10470,fear
4903,sadness
1066,joy
9213,sadness
40783,sadness
38088,joy
24641,sadness
32587,joy
13171,anger
44586,joy
44275,fear
1531,anger
119,anger
36001,joy
37490,joy
17919,joy
3446,fear
35964,anger
31994,anger
125,sadness
4053,joy
25345,anger
33733,fear
32843,anger
11917,joy
28479,joy
35191,sadness
38529,joy
1090,anger
11827,anger
37561,surprise
12053,anger
49385,joy
35250,joy
548,sadness
32313,fear
44044,fear
10380,joy
12255,joy
3287,fear
382,joy
33218,anger
5251,fear
32871,sadness
576,sadness
975,joy
39609,anger
10622,anger
2031,fear
5526,joy
32869,anger
838,joy
30948,sadness
38020,joy
579,joy
16123,joy
31610,anger
24175,fear
1177,fear
37599,anger
1000,anger
3673,joy
229,anger
324,joy
5717,joy
37555,joy
34420,joy
291,joy
1094,fear
404,fear
92,anger
48415,joy
878,joy
299,fear
407,joy
800,fear
130,anger
5902,anger
31439,joy
466,fear
8560,fear
32836,fear
253,joy
15933,anger
45653,joy
48641,joy
2225,anger
22225,joy
4080,anger
32601,anger
13335,fear
2213,surprise
2432,anger
48567,sadness
1065,joy
5784,joy
30524,fear
18849,joy
36308,anger
37616,anger
2775,fear
39959,joy
38663,anger
11879,anger
3269,anger
34427,joy
15633,joy
36927,joy
396,joy
564,joy
507,sadness
36215,surprise
19841,anger
3322,anger
31886,anger
31519,fear
14045,joy
28155,joy
39049,fear
38707,surprise
277,love
38917,fear
178,joy
1491,sadness
1727,joy
45556,joy
31498,joy
2000,anger
19613,anger
3016,joy
34745,joy
5233,joy
1581,joy
366,fear
21067,anger
455,fear
1221,fear
1425,joy
2562,anger
1079,sadness
9322,joy
32122,joy
23987,joy
39761,anger
25907,fear
38301,joy
6112,joy
1678,fear
933,anger
40254,joy
126,anger
4713,joy
6979,surprise
1288,anger
1096,anger
36565,joy
3456,joy
8986,fear
8728,joy
1078,anger
941,joy
1563,fear
40841,fear
36064,joy
37983,joy
39990,joy
19257,joy
4188,joy
1007,joy
31231,fear
11769,joy
3604,joy
4473,love
7762,joy
403,sadness
21435,fear
40608,fear
48858,joy
1243,anger
39184,joy
4985,fear
573,sadness
38431,sadness
10808,anger
2020,anger
39966,joy
32792,fear
24921,fear
35044,surprise
33371,sadness
37870,joy
7596,anger
32606,joy
38799,fear
1858,joy
3121,love
28537,anger
37897,anger
5957,joy
5310,joy
32355,fear
2964,fear
36848,fear
36455,fear
524,joy
32870,fear
206,joy
2161,anger
812,joy
483,sadness
851,anger
5719,anger
18039,anger
1516,anger
2520,joy
34607,joy
1133,sadness
16169,anger
1055,joy
34449,fear
10191,anger
14827,joy
1237,anger
5713,love
44070,joy
221,anger
19115,sadness
38797,anger
1946,joy
1607,anger
6280,True
37320,love
1025,sadness
33244,anger
788,joy
9890,anger
23037,joy
882,sadness
31143,sadness
1951,anger
1527,fear
32038,fear
785,anger
36992,anger
32961,fear
318,anger
2363,joy
2390,fear
23259,joy
8190,joy
3166,fear
566,fear
497,fear
8532,joy
36513,joy
7645,joy
3318,sadness
3577,fear
152,anger
1091,sadness
1397,anger
20423,anger
37232,fear
1356,anger
23301,fear
872,joy
37940,joy
1092,anger
30413,joy
37302,fear
2942,joy
40358,sadness
175,fear
3965,anger
937,anger
28215,sadness
9598,fear
13349,love
22359,fear
40295,fear
1238,anger
4094,joy
12281,sadness
283,sadness
18499,anger
41466,joy
8101,joy
998,sadness
38628,surprise
1372,anger
31417,joy
6875,joy
2252,fear
17681,fear
2680,joy
10431,joy
2367,sadness
4983,sadness
3323,sadness
1674,joy
2166,joy
881,joy
49505,sadness
1362,fear
39477,joy
38081,joy
2800,joy
3931,joy
6187,anger
50273,joy
39681,joy
13117,anger
204,surprise
10197,love
3389,anger
42894,fear
34834,joy
35988,joy
21829,joy
38999,sadness
1826,anger
6129,fear
383,fear
709,sadness
37773,joy
6172,joy
12375,joy
540,joy
10350,fear
424,anger
15359,fear
48316,joy
2354,fear
201,sadness
34430,anger
981,joy
34467,joy
19157,joy
8187,anger
260,fear
2076,fear
36267,anger
37245,joy
34006,joy
15883,joy
50461,anger
13221,anger
31815,surprise
21521,anger
1003,sadness
37438,fear
6920,fear
694,surprise
151,surprise
3090,joy
11321,anger
3574,fear
1230,anger
470,sadness
23479,joy
883,anger
1588,surprise
33037,joy
8197,anger
10687,anger
1695,sadness
31989,anger
7062,joy
13863,surprise
30652,surprise
41332,joy
20971,joy
2772,anger
200,fear
3918,joy
972,anger
300,fear
17205,joy
1862,sadness
42310,joy
19251,sadness
11355,sadness
1817,joy
31049,love
9996,love
21821,fear
6919,anger
444,joy
1401,surprise
32153,joy
6151,sadness
35082,joy
40958,joy
590,sadness
23293,anger
39963,anger
21097,anger
472,joy
9308,anger
3086,anger
876,anger
40082,joy
6918,sadness
747,joy
30869,sadness
24919,fear
4483,joy
285,fear
811,joy
28105,sadness
3088,joy
620,sadness
38091,sadness
1838,joy
6287,joy
31157,anger
21195,joy
2798,fear
3363,fear
34642,joy
35798,fear
1650,anger
273,joy
33668,joy
31793,joy
47639,fear
358,surprise
4130,anger
15097,joy
24469,sadness
29893,sadness
2198,joy
5307,anger
39582,fear
1048,surprise
1352,anger
1205,joy
14073,surprise
37828,anger
28881,anger
12875,sadness
5454,joy
519,joy
589,anger
2035,sadness
651,joy
25939,joy
841,anger
11385,fear
8115,surprise
13409,joy
34972,joy
29089,fear
15391,fear
2950,joy
688,joy
89,anger
388,sadness
37509,sadness
1278,joy
2321,joy
5504,joy
23423,sadness
197,sadness
9544,joy
8985,joy
1045,joy
39590,sadness
10448,joy
37962,joy
1847,anger
15959,sadness
2235,anger
1592,joy
420,anger
12611,surprise
30870,sadness
35714,surprise
10497,joy
36803,fear
1554,joy
37765,anger
30641,joy
1509,fear
23725,joy
35122,fear
1888,joy
36309,joy
13833,joy
9741,joy
836,joy
910,joy
38331,joy
30757,fear
13145,surprise
2604,fear
38383,joy
1471,anger
33184,fear
554,anger
12321,sadness
233,sadness
10671,fear
36796,anger
340,joy
561,anger
17637,joy
17,joy
247,fear
1487,joy
113,fear
38770,anger
28539,joy
48643,anger
7053,anger
610,joy
42387,anger
536,anger
1525,joy
33034,sadness
4189,love
2971,joy
17437,joy
1747,anger
1143,joy
40738,sadness
25143,sadness
645,joy
36871,fear
11001,fear
37596,joy
21189,sadness
10153,anger
2150,surprise
1241,fear
162,joy
20673,joy
48466,fear
37623,joy
38235,joy
2163,joy
37584,anger
831,joy
16419,joy
10842,joy
33728,anger
39506,anger
36720,anger
36369,anger
37914,fear
391,fear
649,joy
1259,sadness
397,anger
30952,joy
296,sadness
40176,fear
1019,anger
105,sadness
1807,joy
48842,fear
1629,joy
1694,sadness
44274,joy
1215,anger
380,sadness
131,anger
35069,fear
1685,joy
1688,fear
37150,joy
3076,anger
40314,joy
2229,sadness
30382,anger
11239,joy
38005,joy
33378,sadness
760,joy
724,sadness
11339,fear
40024,sadness
1602,joy
432,joy
28283,anger
15411,joy
38333,fear
2832,joy
3371,anger
3576,anger
37884,anger
303,joy
854,fear
1577,fear
35566,joy
8068,anger
2582,fear
15537,anger
42893,joy
39392,joy
35759,joy
5005,joy
9693,sadness
29513,joy
33462,anger
12001,joy
30243,fear
275,anger
38464,joy
293,anger
31598,fear
2182,joy
40979,sadness
127,anger
20801,fear
39519,anger
888,anger
2928,fear
6380,fear
31491,anger
2891,joy
32829,joy
33775,fear
1533,sadness
292,joy
1729,joy
17080,anger
971,joy
14991,joy
39942,joy
40178,joy
1374,joy
10702,anger
35315,sadness
15611,joy
944,fear
32881,anger
3750,love
3032,anger
38098,joy
33064,joy
815,surprise
1441,sadness
6425,joy
1086,anger
1485,sadness
48680,fear
38313,joy
10178,sadness
454,joy
19799,joy
1219,joy
35672,joy
2155,anger
49909,anger
2238,sadness
37106,joy
418,joy
2623,joy
21325,fear
12059,joy
33254,joy
782,anger
1762,anger
1164,fear
38749,anger
6392,joy
4358,sadness
39574,anger
1640,joy
3085,joy
33113,joy
36000,fear
34915,joy
14373,fear
471,joy
1214,sadness
10257,joy
35936,surprise
2123,fear
2356,fear
852,joy
35840,joy
3593,joy
44406,joy
33797,fear
32301,anger
2355,joy
32667,sadness
8057,anger
14277,love
34602,sadness
41261,anger
16608,joy
365,sadness
222,anger
1194,anger
49200,fear
6438,fear
31422,joy
49052,anger
1457,love
40491,sadness
36029,joy
495,anger
792,sadness
22069,anger
5141,anger
3326,sadness
381,anger
36371,anger
184,fear
3031,anger
541,anger
1556,joy
6712,sadness
1721,fear
29,anger
4662,sadness
30384,joy
1358,sadness
1619,anger
501,sadness
1384,sadness
9761,anger
3861,joy
10500,anger
1171,joy
17341,fear
28929,anger
870,joy
33814,anger
2451,love
1174,fear
42517,anger
2372,anger
34289,joy
3479,anger
36683,joy
23135,joy
23459,joy
47163,fear
25667,sadness
5029,joy
1583,joy
10668,anger
33221,anger
5670,joy
1738,anger
1299,anger
15731,fear
499,sadness
16149,joy
1426,joy
1473,sadness
2488,joy
2105,joy
890,fear
624,anger
869,joy
40332,fear
308,fear
45665,sadness
1198,surprise
7103,joy
1728,joy
1127,sadness
352,sadness
1369,fear
13629,joy
36370,anger
38015,anger
37893,fear
34795,anger
33840,anger
351,sadness
40272,joy
47158,anger
3270,anger
4066,fear
34125,sadness
917,anger
13405,surprise
456,joy
40861,joy
1609,anger
49470,anger
5959,joy
37304,anger
6162,joy
2746,fear
40136,joy
37374,joy
621,fear
866,anger
868,joy
1170,fear
289,joy
2829,joy
36951,joy
28779,joy
20889,sadness
1472,anger
40504,sadness
281,anger
2724,joy
32152,fear
6795,joy
27967,anger
39188,anger
37305,fear
4052,fear
18177,anger
20649,joy
3665,anger
33839,joy
43763,anger
3859,fear
35267,joy
691,joy
867,anger
40435,anger
38212,anger
2547,joy
637,love
1567,joy
641,anger
110,anger
38292,anger
39527,sadness
2012,anger
348,joy
840,joy
2873,sadness
32682,joy
447,anger
35960,sadness
159,fear
1043,anger
42587,anger
20849,anger
43591,anger
1008,anger
884,anger
830,surprise
1011,anger
3614,surprise
11755,fear
34830,fear
37618,joy
2043,joy
635,joy
30614,joy
942,anger
1301,anger
2564,fear
5226,joy
17273,joy
36976,anger
1935,anger
37307,joy
5458,joy
1744,joy
32872,joy
11375,fear
34550,sadness
17391,anger
36914,sadness
43735,surprise
6443,surprise
31280,anger
609,joy
39478,joy
22677,anger
117,fear
47162,sadness
39836,fear
976,joy
32717,joy
1732,joy
212,joy
7396,joy
39584,sadness
1264,anger
958,anger
2618,fear
755,joy
40881,joy
3349,joy
7598,fear
38985,surprise
40747,love
1080,fear
34257,joy
49457,joy
33966,joy
37657,anger
42867,joy
8609,joy
35746,love
36225,anger
40429,anger
492,joy
22817,anger
9493,anger
124,joy
5760,anger
526,fear
48644,anger
41848,joy
56,fear
2263,anger
40403,anger
1793,fear
398,anger
1018,fear
992,anger
2132,anger
525,anger
1524,anger
38004,anger
6882,love
49361,surprise
49040,anger
5464,anger
10683,anger
1682,anger
11467,joy
29876,anger
3312,joy
1952,fear
258,sadness
35134,fear
15813,fear
116,fear
9988,anger
2937,joy
4136,fear
2514,fear
12997,love
8110,joy
34675,anger
445,fear
36654,joy
282,fear
37405,sadness
39592,sadness
4197,fear
8687,sadness
1108,fear
37175,fear
3840,anger
1351,anger
40940,sadness
2135,love
36945,joy
2603,surprise
38157,joy
2108,joy
5020,joy
1103,fear
1929,sadness
36729,sadness
38915,fear
1587,fear
19581,True
1760,anger
4657,anger
1468,joy
12055,joy
41051,sadness
38866,joy
914,anger
1488,anger
48252,surprise
3674,True
36040,joy
41266,fear
23361,joy
2744,fear
35313,joy
33419,joy
33362,joy
38670,fear
9608,sadness
10924,joy
236,fear
33341,joy
18655,sadness
25341,joy
38083,anger
1350,fear
38226,joy
10260,joy
1921,joy
2512,anger
28961,fear
615,joy
16143,joy
1184,fear
19051,anger
2253,anger
21755,anger
33788,joy
13201,joy
1211,anger
3559,joy
37764,sadness
37023,fear
37760,fear
668,joy
33219,fear
32287,fear
37362,joy
266,fear
1190,anger
33447,joy
55,fear
3545,anger
13283,joy
39605,joy
2848,anger
33729,anger
12143,joy
1707,sadness
2205,anger
42260,fear
23151,joy
1346,joy
10694,anger
17867,anger
49515,fear
16436,fear
1896,love
22699,anger
37682,sadness
3174,joy
28669,joy
10918,sadness
42481,joy
606,fear
1980,joy
979,sadness
1932,joy
1368,anger
40298,anger
1661,joy
2499,sadness
1859,fear
9754,joy
41061,fear
40211,fear
1316,love
1459,anger
23369,anger
46701,love
40145,joy
37481,joy
2867,anger
346,joy
219,fear
1137,anger
2498,sadness
49514,anger
12677,fear
9793,anger
758,fear
14145,anger
1861,anger
1654,sadness
5684,sadness
45577,anger
1285,fear
2298,joy
1657,joy
33566,anger
537,anger
10999,anger
342,surprise
31789,fear
814,joy
1146,joy
29808,anger
1954,fear
2513,sadness
40853,joy
31631,anger
736,joy
353,joy
39728,fear
11457,fear
1375,joy
426,fear
23033,love
18691,joy
44524,fear
5751,anger
31810,sadness
8,sadness
21729,surprise
38026,joy
29301,sadness
560,fear
27815,joy
111,fear
5485,anger
38440,joy
4502,love
682,sadness
39610,anger
2931,anger
5097,anger
261,surprise
39725,fear
41611,surprise
35028,sadness
2409,anger
915,anger
406,sadness
38055,anger
28309,anger
12137,sadness
33730,anger
5538,joy
21781,anger
47792,love
321,anger
930,anger
2842,fear
9335,joy
9893,joy
41093,joy
1734,fear
3268,anger
35086,fear
41556,joy
14543,fear
31221,anger
5084,fear
2332,anger
1270,joy
1082,sadness
3907,anger
49692,joy
493,fear
36593,joy
2004,anger
41361,joy
42714,anger
327,joy
21925,sadness
11237,joy
103,joy
1225,fear
5155,love
1136,anger
9737,sadness
38150,anger
15989,surprise
1445,joy
4874,joy
33902,joy
8098,fear
428,joy
3015,anger
438,anger
2756,joy
3537,sadness
35626,sadness
183,joy
1637,joy
13517,joy
28157,joy
1912,sadness
34028,sadness
37258,anger
1944,love
48702,joy
2222,joy
1357,anger
2515,fear
32455,surprise
35114,fear
2417,sadness
1591,joy
34800,joy
364,anger
1049,sadness
41290,anger
919,fear
2866,sadness
33045,joy
37278,joy
10106,fear
704,joy
2136,joy
950,sadness
15649,joy
798,anger
1517,fear
1327,sadness
27509,joy
34901,joy
23579,joy
5194,fear
33969,fear
33314,fear
1844,joy
909,anger
6783,joy
271,joy
33201,surprise
1202,joy
31633,anger
13231,sadness
1085,fear
284,anger
2828,sadness
21771,joy
1145,anger
35777,love
31050,fear
4600,joy
5945,sadness
38990,sadness
37233,love
818,joy
1787,anger
14817,joy
6590,anger
842,fear
21069,anger
37571,joy
14127,fear
2852,joy
31370,fear
3939,joy
1224,surprise
24909,joy
2606,fear
40506,surprise
36458,anger
33690,fear
5493,joy
31117,love
34539,anger
38201,sadness
1573,anger
37963,anger
16472,sadness
37735,anger
83,fear
6877,joy
544,anger
3887,fear
38389,joy
17947,sadness
43465,sadness
36963,anger
34522,sadness
2143,joy
2789,joy
1021,sadness
108,anger
14347,anger
9159,anger
1398,anger
23249,anger
37268,sadness
38470,love
10258,fear
833,anger
2044,joy
1911,anger
336,anger
36737,joy
6581,anger
1492,fear
6546,joy
40192,joy
6016,fear
31867,joy
1269,sadness
33532,joy
1163,fear
2413,joy
1126,fear
2782,joy
1005,anger
1835,anger
3962,anger
10419,joy
2214,anger
1261,anger
29511,love
3914,joy
595,joy
2330,joy
21751,sadness
2341,anger
14539,joy
12857,anger
1187,anger
1046,anger
504,fear
2126,joy
3447,sadness
33021,anger
6198,anger
3044,fear
3771,sadness
825,joy
10703,fear
2125,anger
50532,joy
27619,anger
22695,joy
39591,anger
17745,anger
2903,fear
1041,anger
1435,anger
982,joy
41005,sadness
16642,fear
254,joy
2152,fear
31890,fear
6385,joy
3419,anger
49556,fear
2751,sadness
2523,joy
16638,fear
10870,joy
34411,fear
17249,joy
2400,anger
864,anger
1450,joy
582,surprise
1534,surprise
294,fear
34638,fear
32454,joy
2042,joy
35512,joy
37564,fear
1792,sadness
1135,sadness
10838,joy
2500,sadness
1521,sadness
1994,joy
4549,anger
39800,anger
33934,joy
3948,love
1028,fear
669,sadness
1279,fear
15045,joy
1387,surprise
31884,joy
42516,sadness
15313,love
19631,anger
38254,love
1220,love
1246,joy
39042,anger
2580,joy
38860,anger
1448,anger
973,anger
555,anger
1262,joy
29855,joy
1496,joy
40111,anger
35673,love
633,anger
10827,sadness
23787,fear
37036,joy
3011,sadness
43349,fear
39487,fear
12057,joy
28313,joy
8293,anger
2117,joy
32026,sadness
311,joy
1182,fear
35183,joy
21267,joy
600,sadness
6787,fear
41877,sadness
1249,anger
44235,joy
14617,fear
15867,sadness
13785,fear
2753,joy
32423,joy
1341,fear
4360,sadness
29941,joy
2808,anger
10302,joy
8291,sadness
1490,anger
1191,joy
3992,anger
39638,love
1541,fear
1825,sadness
1846,joy
1147,anger
33302,joy
27503,fear
35228,sadness
2294,sadness
546,sadness
2747,fear
7456,anger
3710,sadness
30702,joy
1578,joy
733,joy
31578,anger
1280,joy
21773,joy
2204,anger
19953,joy
35424,fear
11745,sadness
2396,fear
5256,fear
46587,joy
286,fear
421,sadness
1359,surprise
38708,joy
278,joy
28311,love
631,anger
9638,sadness
37283,joy
13245,anger
141,fear
951,joy
373,anger
2841,joy
16059,anger
1290,anger
36492,sadness
11185,anger
6008,fear
20757,fear
1380,sadness
115,joy
1349,anger
12959,anger
604,joy
37264,joy
30695,fear
2871,anger
485,sadness
1988,joy
3010,anger
16211,sadness
11073,joy
13057,love
17731,fear
505,sadness
29083,joy
929,anger
3626,sadness
32620,sadness
39194,joy
34402,joy
3449,sadness
9328,anger
36655,anger
40590,fear
1780,anger
32415,joy
8217,joy
2170,sadness
50338,fear
37204,joy
40085,joy
3970,anger
1410,joy
13163,joy
21407,anger
40337,love
30679,anger
636,anger
37476,fear
10731,anger
370,sadness
3080,anger
6892,anger
3272,joy
1408,fear
816,sadness
39085,sadness
6964,joy
1941,joy
1864,fear
1634,anger
750,joy
50339,joy
42808,anger
1042,joy
34290,joy
15043,joy
3288,love
9782,fear
1985,fear
40677,joy
8317,joy
1416,anger
1670,anger
9721,joy
69,joy
1153,sadness
2269,joy
1972,joy
25801,joy
1419,fear
1647,anger
1020,anger
36468,joy
42632,anger
38162,joy
1901,anger
1348,fear
6194,joy
128,sadness
2106,joy
16189,anger
10590,anger
35224,anger
10573,anger
31227,fear
34978,joy
17491,love
5080,joy
50672,sadness
377,joy
31927,joy
4399,sadness
1097,fear
34325,sadness
2324,fear
16023,joy
49776,anger
1324,fear
2762,anger
2113,surprise
7651,joy
37516,anger
37262,fear
2705,joy
331,joy
6958,joy
24967,anger
1692,fear
1152,fear
37207,joy
1783,anger
1879,fear
5505,fear
36121,anger
1704,surprise
20871,joy
6275,anger
2346,fear
7730,anger
16474,joy
4304,joy
1500,sadness
22693,love
48727,sadness
3430,anger
17849,anger
8206,joy
40850,sadness
1432,anger
31189,anger
4910,fear
255,sadness
344,sadness
3448,anger
1098,fear
50696,anger
5332,anger
1156,anger
19067,joy
5298,joy
2560,surprise
2014,joy
1342,sadness
38262,joy
10458,fear
1799,anger
652,joy
2041,joy
34644,joy
1180,sadness
29705,love
961,fear
50392,joy
19575,anger
1084,anger
6465,anger
1064,fear
33505,anger
581,fear
4033,fear
1706,anger
2884,joy
2611,sadness
38982,anger
1996,anger
36502,joy
10695,anger
3050,sadness
1216,love
2965,fear
14129,surprise
45783,fear
4936,surprise
42506,joy
9205,joy
7708,anger
11705,fear
797,anger
1663,anger
32063,sadness
484,sadness
1628,fear
2978,fear
769,anger
2147,joy
21835,joy
11009,joy
13141,joy
13731,joy
5225,joy
1106,joy
42798,joy
8039,fear
1978,anger
706,sadness
3692,sadness
34771,joy
20377,love
38578,joy
3009,anger
2389,joy
43755,fear
5998,joy
1494,anger
1797,joy
1542,fear
9774,fear
41521,joy
766,fear
31165,joy
48742,anger
48612,joy
11349,joy
1128,surprise
1761,joy
38664,joy
2955,joy
2725,joy
2542,sadness
2730,fear
1804,sadness
262,sadness
21597,anger
40873,love
35720,sadness
35425,anger
2452,fear
36536,joy
28761,surprise
693,anger
2313,fear
11067,joy
41674,sadness
33011,fear
9232,anger
1920,fear
10917,joy
7066,fear
3679,joy
1608,fear
10916,joy
1022,anger
37563,anger
1289,joy
653,surprise
3944,anger
354,sadness
40134,joy
40610,joy
3000,joy
9970,sadness
40661,joy
39421,fear
40942,fear
4690,joy
2220,anger
9241,sadness
1148,anger
49066,joy
2497,fear
386,anger
1360,love
7081,joy
13727,anger
2109,joy
3135,anger
2032,anger
3888,anger
6794,anger
30547,joy
32309,sadness
1853,sadness
22831,joy
13219,joy
40722,sadness
2281,anger
2349,sadness
39585,joy
1196,joy
27603,fear
36491,joy
10457,anger
2033,anger
1209,anger
614,love
1908,love
4763,sadness
13159,love
2383,anger
2454,anger
36010,fear
3053,joy
776,anger
2896,anger
13799,joy
5424,joy
44191,joy
6560,anger
1167,anger
1910,joy
1245,anger
835,sadness
1248,anger
3668,joy
1800,sadness
11997,joy
36501,anger
7969,joy
23047,anger
685,sadness
1312,sadness
2433,anger
3369,sadness
148,joy
1400,fear
1371,anger
38006,joy
1186,joy
2571,joy
42129,sadness
2048,sadness
1399,sadness
48779,joy
629,joy
49691,love
37346,joy
27629,anger
7014,sadness
943,fear
118,anger
24987,joy
13169,fear
959,anger
3101,anger
13239,fear
25943,sadness
1302,fear
33993,surprise
9849,joy
1226,sadness
37839,love
12957,love
14993,anger
1655,joy
2335,anger
6690,fear
1130,anger
328,surprise
2619,fear
32267,sadness
4460,surprise
34453,True
33027,sadness
15409,anger
3332,sadness
1149,anger
2438,sadness
1317,surprise
17395,fear
17251,anger
3954,joy
36689,sadness
2684,anger
2695,sadness
40023,anger
22039,love
40664,sadness
36052,anger
41923,joy
3670,anger
3125,fear
31400,joy
34337,anger
35982,fear
5725,anger
4590,love
32239,joy
1635,anger
35182,joy
12995,fear
33572,joy
622,anger
49637,sadness
203,anger
12863,joy
506,sadness
10804,joy
1508,fear
2988,fear
2169,joy
1796,joy
1272,anger
30898,joy
2037,joy
1124,surprise
1822,anger
1802,anger
5316,sadness
112,fear
2446,joy
49345,joy
1204,joy
1550,joy
38824,joy
2188,anger
1484,sadness
2391,fear
2761,sadness
16331,joy
1561,love
31865,anger
2450,anger
29085,joy
458,sadness
24377,joy
35931,love
671,sadness
5651,joy
1070,joy
22661,joy
577,fear
32772,joy
29573,love
13019,love
1942,sadness
767,fear
5199,anger
10958,anger
36982,joy
22419,joy
533,joy
6041,surprise
16928,joy
9124,joy
626,sadness
43629,fear
33155,anger
32016,joy
8654,anger
12123,joy
49438,joy
10325,sadness
2539,joy
2098,fear
40320,joy
31652,sadness
752,joy
2267,joy
38030,anger
439,fear
5462,joy
1868,fear
9333,anger
24273,love
2743,anger
35255,sadness
3324,anger
2013,anger
3641,fear
10546,anger
2548,love
5583,anger
40658,fear
36109,anger
1217,joy
824,sadness
13843,anger
33564,anger
38851,joy
1181,fear
31997,joy
9487,surprise
1343,joy
35984,sadness
18771,joy
9935,sadness
38199,joy
1433,fear
932,joy
7178,sadness
37286,anger
38250,joy
648,sadness
6986,surprise
2221,joy
2071,fear
6654,sadness
6635,anger
31118,fear
1651,fear
31762,joy
36933,anger
1865,joy
5369,anger
17747,anger
1044,fear
6117,joy
6941,joy
8278,joy
3286,anger
3889,love
2110,surprise
15847,anger
30223,joy
3401,surprise
21305,surprise
7152,fear
36784,joy
17539,joy
12961,sadness
1286,anger
10338,joy
30988,joy
2907,fear
8655,joy
2577,joy
13639,anger
2447,joy
2291,fear
1276,fear
977,anger
25923,love
8909,joy
2218,sadness
1417,anger
1442,fear
1622,sadness
3302,anger
42031,joy
2352,anger
347,sadness
1123,sadness
34088,joy
5085,love
3060,anger
22119,love
1603,fear
1474,joy
3745,anger
32906,joy
34820,anger
34208,sadness
695,joy
33309,fear
231,fear
1112,anger
730,joy
1477,anger
5172,love
42048,sadness
708,joy
2017,fear
2784,anger
37910,sadness
4639,joy
2530,love
14379,anger
48542,joy
6463,anger
36775,sadness
43779,fear
35592,joy
163,joy
1233,anger
35448,anger
3727,joy
3258,sadness
2983,joy
15839,joy
7266,anger
23305,sadness
2817,joy
15535,love
375,anger
771,joy
1032,joy
1206,joy
2557,joy
13139,joy
518,joy
2406,joy
38031,fear
36553,joy
40477,love
36564,joy
244,anger
1572,joy
559,surprise
4503,surprise
12501,joy
2722,fear
33562,sadness
42321,joy
1940,anger
15219,joy
40048,anger
10770,anger
15845,anger
1252,anger
11807,love
20329,joy
30651,joy
473,fear
33947,surprise
295,anger
8097,anger
3579,anger
2458,anger
40331,sadness
33185,sadness
1918,joy
4714,joy
1069,fear
3239,anger
33033,joy
39282,joy
37970,fear
31995,anger
5967,joy
434,sadness
10923,sadness
9310,joy
2592,surprise
11747,joy
38252,sadness
3625,sadness
18653,True
5845,joy
1981,surprise
2858,joy
1514,joy
41224,surprise
4004,joy
1413,anger
14317,joy
1658,sadness
2835,joy
30251,joy
605,joy
41780,joy
718,love
33106,joy
39489,fear
2288,joy
6694,joy
4003,joy
6736,anger
301,sadness
38620,joy
14657,anger
20671,fear
27363,joy
7265,fear
15539,love
31861,joy
734,joy
607,fear
1553,anger
40335,joy
12579,joy
2665,anger
6219,sadness
1751,joy
3403,fear
40819,joy
34167,fear
1179,fear
38669,joy
2016,joy
10792,fear
23213,joy
42640,sadness
1633,anger
29035,joy
4508,surprise
5996,surprise
5259,anger
176,joy
36686,fear
25055,anger
3058,fear
31838,fear
9288,surprise
2325,joy
1391,joy
34670,anger
15541,joy
2486,sadness
1878,sadness
557,joy
425,joy
612,love
35770,sadness
8359,anger
4200,love
5212,joy
34529,sadness
6985,joy
29916,joy
1455,fear
49665,anger
1922,fear
6558,anger
1431,fear
38265,anger
1775,love
41531,joy
1199,joy
2460,anger
9645,joy
1596,joy
38740,fear
8362,joy
2524,joy
1056,joy
11679,surprise
37360,joy
6555,anger
4264,anger
1338,joy
40394,joy
2553,sadness
2215,anger
22377,surprise
40519,joy
19857,love
2825,anger
45587,sadness
6209,joy
2569,joy
6692,sadness
3081,joy
12157,anger
36342,joy
28859,anger
1403,sadness
5844,fear
30381,sadness
6148,joy
38895,joy
37433,sadness
6276,anger
10392,surprise
41236,joy
1924,joy
40336,joy
40327,joy
20471,joy
40137,joy
14479,fear
4491,joy
1434,sadness
9467,sadness
49220,fear
32412,joy
18455,anger
361,anger
10906,joy
2407,fear
808,joy
2060,anger
39938,joy
42071,joy
32805,joy
33165,anger
2050,anger
3680,anger
1424,anger
6748,anger
37247,joy
1925,joy
7268,joy
33025,anger
5743,fear
991,anger
1189,fear
3493,sadness
2138,joy
496,anger
608,anger
9968,sadness
2461,anger
2141,joy
498,fear
36849,surprise
2157,joy
30128,joy
1161,sadness
40735,joy
40472,joy
2531,joy
32950,sadness
799,fear
2590,joy
50380,joy
34246,sadness
1636,anger
10016,joy
29852,joy
5968,joy
1325,sadness
1923,surprise
24271,fear
1724,fear
4057,sadness
2982,fear
33803,joy
41223,fear
319,sadness
41659,joy
35932,surprise
24453,joy
50267,joy
3940,joy
25877,fear
964,fear
4921,sadness
10421,joy
1930,joy
32190,joy
783,anger
2011,anger
8133,joy
42883,fear
36343,joy
3728,joy
38419,joy
36344,joy
12373,joy
2151,anger
28673,fear
3636,anger
7262,sadness
2227,sadness
21363,anger
1116,joy
912,fear
9924,anger
44196,sadness
2607,joy
791,anger
722,love
10629,anger
48363,joy
8394,joy
9545,anger
2713,joy
9309,fear
28205,joy
3421,sadness
8245,joy
19103,joy
33056,joy
3707,anger
28869,fear
39622,joy
613,love
623,fear
44221,anger
5053,fear
2868,anger
25875,sadness
1169,fear
42106,joy
4027,sadness
1648,fear
3079,fear
6460,anger
2869,anger
40700,anger
1443,anger
5712,fear
38491,surprise
7712,fear
1931,fear
1919,surprise
37395,love
2196,fear
2534,joy
32735,joy
510,love
2726,anger
689,anger
2875,love
13215,anger
9312,sadness
38585,joy
8908,joy
6885,joy
3622,anger
2505,anger
6686,love
9778,joy
21497,anger
4876,joy
31634,fear
1178,anger
8234,anger
38089,love
4810,joy
12651,fear
5027,anger
1798,anger
37663,joy
4209,joy
1906,joy
360,fear
5753,sadness
35730,joy
14647,joy
2989,anger
970,anger
2598,anger
31518,True
21335,joy
7770,anger
34787,joy
2544,joy
1837,anger
9883,joy
1296,sadness
2706,joy
50184,fear
10502,anger
8111,anger
1429,anger
2194,love
2799,joy
1493,fear
2819,anger
1331,love
1652,fear
11465,anger
827,anger
37814,joy
757,surprise
21349,anger
511,anger
49891,fear
2960,sadness
913,joy
3019,anger
33104,sadness
40156,joy
928,fear
1465,anger
1185,sadness
3077,sadness
2813,sadness
4365,anger
49160,joy
309,joy
4804,anger
10570,joy
17871,joy
2621,anger
9588,love
1777,sadness
1660,sadness
1263,anger
7279,fear
1821,fear
11749,surprise
9008,sadness
3916,joy
37622,joy
2516,fear
2089,anger
14629,fear
6685,anger
24851,joy
1599,joy
38720,anger
7612,sadness
1991,fear
34311,joy
13937,anger
38798,fear
333,fear
36051,joy
1805,fear
5132,joy
45567,joy
9904,anger
10862,anger
1165,fear
5427,anger
11855,anger
30454,anger
3127,anger
3896,fear
3919,joy
40639,anger
1626,fear
41688,joy
2609,anger
6531,fear
39518,anger
33685,fear
1886,joy
22655,anger
1427,surprise
39024,sadness
38513,anger
599,fear
2946,surprise
753,anger
47917,fear
25457,anger
316,joy
37619,anger
1832,fear
13173,fear
6988,fear
1014,sadness
6286,anger
3417,joy
38068,joy
2445,anger
1373,fear
1725,love
10821,sadness
8292,fear
2357,anger
30817,joy
38039,fear
39382,joy
3307,sadness
3335,joy
40438,fear
18151,sadness
39893,joy
18599,anger
3995,fear
3199,sadness
2945,anger
359,joy
2249,anger
556,anger
44064,joy
8369,joy
10501,fear
7264,anger
2967,fear
6809,anger
7549,fear
38373,fear
3475,anger
14989,joy
40197,anger
2810,joy
349,anger
12237,anger
993,joy
7581,anger
4646,anger
2317,love
28853,joy
40233,joy
1406,love
12221,joy
1207,sadness
35739,joy
5214,joy
2525,joy
17573,joy
2145,anger
1880,fear
2549,sadness
2331,anger
4698,anger
40995,sadness
9009,joy
3327,fear
2755,fear
8337,fear
5658,joy
1193,sadness
1769,anger
2361,anger
24021,sadness
2140,anger
12867,joy
40901,fear
23627,joy
1676,joy
5455,sadness
2767,fear
42324,love
7458,joy
7179,joy
30039,anger
10003,joy
10420,anger
2958,joy
715,joy
38681,anger
38784,joy
8653,anger
34937,joy
2436,joy
2703,joy
29915,joy
3048,joy
3991,joy
32238,anger
34683,sadness
2943,anger
39466,fear
32321,joy
13673,love
41915,joy
1428,joy
40665,joy
2262,anger
6402,anger
1388,anger
4443,sadness
11809,joy
1389,sadness
3051,joy
2137,joy
2165,joy
39244,fear
27909,surprise
1277,joy
9798,fear
5890,fear
40845,fear
2554,sadness
2427,joy
2183,anger
1036,fear
37178,joy
3941,sadness
38033,sadness
4540,anger
2938,sadness
2506,anger
1767,joy
6891,joy
1297,anger
5918,joy
3234,joy
31402,joy
14659,love
16574,joy
42161,joy
2441,joy
6689,joy
3501,joy
865,fear
1407,surprise
171,anger
1295,fear
6509,joy
34900,fear
31485,joy
4513,fear
6220,joy
2688,anger
41206,joy
41207,True
2261,fear
40266,surprise
36185,anger
22733,surprise
2811,sadness
36858,joy
38022,anger
23439,anger
7573,joy
13253,sadness
2029,anger
34818,joy
12433,fear
31133,anger
1618,anger
38453,joy
7583,anger
41124,joy
1632,fear
1909,fear
30543,sadness
4730,anger
1548,fear
980,joy
5643,anger
30658,anger
4703,joy
31617,joy
4591,anger
36239,joy
3422,sadness
37736,sadness
6741,joy
2230,joy
34394,joy
2245,joy
36148,joy
4555,love
378,anger
4095,fear
27825,love
1298,anger
5859,anger
3886,anger
711,sadness
35965,joy
2861,anger
2224,sadness
26453,joy
3008,surprise
16381,joy
2371,anger
38558,joy
28207,joy
37291,fear
37209,joy
1736,joy
48651,sadness
3250,fear
30531,anger
10177,True
1701,joy
48862,anger
35740,joy
18755,fear
5686,joy
3686,joy
3107,fear
31670,fear
21649,joy
40711,joy
36288,anger
35480,fear
2719,anger
2254,anger
13175,fear
2973,anger
33697,fear
21395,joy
2257,anger
2287,fear
1273,anger
10359,sadness
3578,fear
1100,joy
32084,joy
30770,joy
32946,anger
2255,fear
7060,joy
18695,sadness
2010,surprise
13073,joy
33026,anger
1983,fear
29017,joy
10327,anger
13373,joy
13217,love
49095,joy
4162,anger
15077,joy
10552,sadness
34939,joy
3038,surprise
2394,fear
16187,joy
2018,joy
2948,joy
2333,surprise
4732,sadness
1845,anger
15783,fear
4124,fear
20907,sadness
36246,joy
2351,sadness
4962,anger
43741,anger
22295,anger
503,fear
1271,joy
858,fear
12955,anger
729,surprise
33758,anger
50248,joy
35631,joy
33363,joy
12699,joy
8289,fear
6217,fear
17917,joy
2834,joy
32691,anger
1781,love
21393,fear
18835,joy
1794,sadness
3062,sadness
23519,surprise
2275,surprise
4476,surprise
5211,anger
1812,joy
35522,fear
16610,anger
41795,fear
3744,sadness
1183,anger
2322,sadness
4816,anger
1779,joy
1623,fear
31573,joy
2620,fear
2412,anger
1456,fear
46422,joy
9006,fear
3024,anger
6527,joy
6235,anger
8294,fear
28519,anger
13309,sadness
4531,fear
34283,fear
3308,anger
50220,sadness
36861,fear
35891,joy
7377,sadness
5624,anger
49223,joy
35776,anger
2099,fear
3437,joy
16442,fear
1166,sadness
31866,joy
36542,joy
619,fear
38141,fear
3171,joy
10276,anger
21027,joy
42981,sadness
2507,joy
3137,joy
47405,joy
5603,sadness
31966,anger
2704,anger
38742,sadness
305,anger
5324,joy
2308,love
773,fear
2561,sadness
1510,love
2200,fear
41919,sadness
2038,joy
37418,joy
823,fear
2219,fear
7597,joy
9287,sadness
1549,fear
9375,anger
6883,sadness
32359,joy
3602,anger
2698,love
48857,joy
2067,anger
48481,joy
23067,joy
33247,sadness
1451,fear
12499,anger
23,sadness
5883,joy
31678,joy
31201,fear
41221,anger
17811,fear
1638,joy
3581,surprise
2556,anger
1788,joy
23057,fear
40471,joy
1895,anger
6293,anger
2134,joy
1481,joy
3059,fear
13379,joy
11471,love
4653,sadness
2364,fear
646,anger
17543,anger
1040,fear
5213,sadness
41512,sadness
33443,sadness
4663,love
1795,sadness
2526,sadness
33672,joy
2185,joy
41794,anger
5054,love
1234,fear
39794,anger
40321,joy
3538,fear
1026,fear
3976,joy
33997,joy
1409,sadness
6281,sadness
2370,anger
2276,fear
754,joy
20811,anger
1806,fear
39905,anger
2797,anger
8363,anger
36291,anger
13251,anger
17357,joy
1328,joy
6149,joy
10429,joy
31486,anger
7611,anger
1765,surprise
32461,fear
1497,joy
751,joy
6422,anger
3394,joy
37224,sadness
34975,fear
6327,joy
41439,joy
2259,anger
38902,fear
2862,sadness
10545,fear
1733,fear
8360,anger
1344,anger
3381,joy
40034,joy
36242,joy
7144,fear
234,anger
17113,joy
2462,sadness
2437,anger
3350,surprise
2760,fear
33490,fear
1345,fear
4494,love
41793,sadness
1283,anger
2585,fear
3512,anger
8297,fear
8652,anger
8367,anger
1466,joy
2532,fear
11691,anger
3801,joy
33205,anger
1544,anger
2264,anger
21031,joy
38035,anger
22815,sadness
10116,joy
3067,fear
2555,anger
2859,anger
1630,anger
3706,joy
33687,fear
40578,anger
1175,fear
34974,fear
39675,fear
6691,anger
11815,sadness
22901,joy
38719,joy
37740,anger
2917,fear
1778,joy
2036,joy
40922,love
37448,joy
3105,sadness
2279,fear
5993,anger
16091,anger
3138,sadness
362,love
1300,joy
2473,fear
35235,joy
2944,anger
1102,anger
2468,surprise
5210,sadness
2863,joy
9599,anger
332,fear
3072,sadness
6069,fear
19283,joy
2546,sadness
10575,sadness
1684,joy
12963,fear
7877,sadness
2414,fear
34734,sadness
2583,joy
3883,fear
32248,joy
1208,joy
1115,joy
40055,surprise
13971,sadness
616,sadness
1791,sadness
9346,joy
3946,sadness
574,fear
31403,anger
1789,fear
925,fear
39022,joy
1337,fear
611,anger
3160,sadness
6120,sadness
1964,sadness
2793,joy
707,joy
1854,surprise
3787,fear
27737,joy
10728,anger
2766,fear
33686,fear
27653,joy
33103,sadness
1039,fear
1560,joy
31911,fear
2987,fear
3120,joy
33808,joy
3571,joy
3115,fear
41511,fear
34999,joy
12907,joy
2277,joy
49222,fear
12343,anger
2231,joy
1129,joy
1083,joy
49942,fear
2209,joy
4011,anger
7579,joy
20969,fear
675,sadness
48649,anger
1617,joy
5653,joy
44056,sadness
9326,joy
3802,fear
27709,joy
13427,joy
11523,joy
8366,joy
40181,joy
9990,love
37887,anger
38864,anger
2709,joy
211,sadness
1586,joy
2533,fear
3535,joy
3356,anger
2410,anger
1811,sadness
3736,joy
4356,love
35472,joy
36875,anger
3071,anger
40167,anger
5321,sadness
2283,joy
2591,joy
36722,anger
5281,anger
37293,joy
423,sadness
30922,sadness
49285,joy
31331,fear
3111,fear
1228,anger
8361,anger
2588,joy
9718,anger
49518,fear
1873,anger
26059,anger
660,joy
41558,joy
1275,surprise
3227,fear
968,joy
42223,joy
647,anger
48832,love
213,sadness
1340,sadness
8364,sadness
4651,sadness
43693,sadness
571,anger
7561,joy
41219,sadness
5267,joy
31018,joy
40166,anger
12347,anger
28385,joy
1268,anger
38444,joy
2435,anger
5109,fear
3390,joy
37937,anger
36537,fear
3411,fear
4492,joy
36699,joy
3034,sadness
29087,joy
31566,joy
1329,anger
1113,joy
29868,anger
545,joy
36561,joy
19351,joy
4306,fear
9523,anger
2475,anger
1928,joy
7619,anger
37501,anger
23083,joy
2693,joy
2306,anger
8134,fear
9327,anger
2586,anger
661,joy
3162,sadness
2090,fear
37646,joy
3069,anger
1949,love
3522,joy
41063,fear
1973,anger
1664,joy
1009,anger
3306,joy
810,joy
36531,joy
39080,joy
38429,joy
8290,joy
13643,anger
47410,joy
3146,fear
1053,joy
2796,joy
2395,anger
8368,joy
49894,joy
3391,joy
9806,joy
50481,joy
2309,sadness
4398,joy
363,sadness
3305,joy
2315,fear
6616,love
2997,joy
2584,joy
5082,joy
4389,joy
422,surprise
5200,joy
3336,joy
2540,fear
1904,fear
35473,joy
5147,fear
1898,joy
17497,joy
38741,joy
4050,fear
3729,sadness
3568,joy
37662,joy
36637,joy
5656,joy
1866,love
32160,sadness
10938,sadness
40941,anger
2077,joy
3917,joy
10043,joy
6246,sadness
5622,fear
40652,joy
5075,joy
3193,sadness
1162,anger
677,sadness
3560,anger
2021,fear
16476,sadness
2023,fear
1287,fear
4939,joy
2307,sadness
2103,anger
2536,anger
2786,fear
32274,fear
2733,joy
25999,anger
17659,joy
2377,anger
6901,anger
34893,joy
8365,anger
34799,joy
2696,fear
37437,sadness
49430,anger
33048,joy
37939,fear
41282,joy
5153,fear
4493,joy
2770,joy
2518,anger
6312,joy
39249,joy
7578,joy
5875,fear
2788,sadness
2168,fear
32739,joy
3039,sadness
34589,fear
2479,joy
1227,fear
6055,anger
49211,anger
4042,anger
49431,love
3807,joy
2084,joy
40305,joy
2266,fear
38067,joy
2061,sadness
5393,joy
22215,joy
41409,joy
43001,joy
2100,sadness
4756,anger
2572,joy
38850,anger
1899,fear
2057,anger
3329,fear
4849,fear
2379,anger
2754,joy
4191,anger
2102,joy
2312,anger
2934,joy
2172,anger
1702,anger
30537,joy
3254,fear
25669,anger
9506,joy
2180,love
32133,fear
1071,sadness
3582,love
1857,anger
11869,anger
2097,fear
3532,anger
1158,fear
4198,joy
38021,sadness
30412,fear
1742,fear
3281,joy
6061,sadness
1848,anger
2442,sadness
3795,fear
2686,anger
3037,anger
44061,fear
16606,sadness
1512,joy
3911,anger
1440,anger
3003,fear
1662,joy
2250,sadness
1999,sadness
34661,surprise
2727,anger
2431,anger
30850,fear
1093,anger
4138,joy
2694,anger
1834,joy
37104,joy
40208,anger
625,anger
15021,joy
1984,joy
2723,joy
2957,joy
31044,joy
3427,fear
2195,fear
7718,sadness
36339,joy
547,love
2019,sadness
217,joy
5447,anger
2781,sadness
10869,joy
4355,anger
8950,joy
24457,fear
8248,anger
3271,anger
848,fear
2083,joy
1383,joy
832,surprise
2053,surprise
22099,joy
1458,anger
2792,fear
3382,joy
4164,joy
3793,joy
2776,joy
3424,joy
4481,joy
1625,joy
1582,fear
10406,surprise
3761,joy
2062,joy
2179,joy
36910,anger
1529,sadness
36797,joy
41307,sadness
188,sadness
6975,joy
7254,anger
3439,fear
4350,fear
42057,surprise
30818,joy
2622,fear
1768,fear
36156,joy
2422,fear
4213,joy
2068,sadness
1672,joy
1584,fear
2139,anger
3858,sadness
20961,joy
1939,joy
4486,anger
2872,joy
3035,joy
1966,anger
2429,joy
1766,anger
3681,fear
216,joy
3159,sadness
725,sadness
1076,anger
40632,joy
1782,surprise
30947,anger
3108,fear
3136,sadness
5830,anger
2998,fear
32353,joy
33281,fear
2292,anger
3486,joy
36544,love
33295,joy
3570,fear
42284,fear
2328,fear
1893,anger
2378,anger
3345,sadness
49661,joy
5674,joy
3303,joy
36223,anger
280,joy
2348,anger
4149,surprise
2189,fear
2039,joy
42653,joy
49766,fear
2063,sadness
34475,anger
3140,anger
39736,sadness
2528,sadness
11699,joy
6890,fear
4699,anger
4364,anger
5208,joy
29715,anger
1831,anger
27567,anger
3402,joy
42178,fear
5953,joy
2374,joy
39482,joy
1031,fear
2064,anger
29865,anger
1927,joy
2474,joy
49755,joy
2510,fear
602,anger
3660,joy
50021,fear
3558,joy
44218,sadness
2087,fear
49392,joy
34052,sadness
41235,love
314,joy
4375,fear
33972,joy
34940,fear
31978,fear
2935,sadness
2570,anger
38284,joy
220,sadness
1748,joy
32534,fear
36760,anger
38291,joy
4480,joy
3393,anger
37886,sadness
4496,anger
37641,joy
7455,anger
4485,joy
367,joy
37739,joy
8064,anger
30030,joy
4533,fear
8120,anger
2439,anger
1989,anger
1188,sadness
1641,love
3367,joy
7435,sadness
2463,anger
2423,anger
3334,joy
1884,joy
11915,sadness
2576,sadness
30358,sadness
1411,fear
12865,love
1774,anger
2715,sadness
44040,joy
5330,anger
39277,sadness
2380,joy
2434,sadness
34244,anger
6131,joy
1770,joy
6096,joy
33339,sadness
6721,fear
13715,love
2552,joy
3569,anger
2040,joy
6076,sadness
23499,fear
3245,sadness
4009,sadness
35774,joy
11689,anger
5173,fear
13917,joy
37365,mystery
1236,sadness
3754,sadness
7485,joy
7643,fear
33391,fear
2128,fear
1393,fear
2913,anger
49938,anger
3833,joy
4444,fear
6184,anger
3557,fear
4854,fear
2015,surprise
3021,joy
1392,fear
215,joy
33661,anger
3543,joy
2207,fear
1763,anger
23171,joy
14913,anger
13955,joy
1038,sadness
3566,joy
7308,fear
2565,joy
2894,joy
6902,sadness
5440,joy
36194,anger
5585,joy
1405,joy
214,love
23943,fear
3597,fear
2056,anger
3561,joy
34754,joy
4378,love
7475,love
10055,anger
4617,fear
33149,joy
1395,anger
1955,joy
11569,joy
3580,fear
1394,sadness
1708,anger
2483,anger
41842,joy
23275,joy
2362,sadness
5250,anger
2999,anger
2289,joy
1513,love
19871,fear
8632,anger
11883,sadness
29697,fear
2522,sadness
2465,joy
5834,joy
36762,fear
676,sadness
38600,joy
3418,sadness
2051,anger
3309,sadness
2376,sadness
2541,anger
4853,anger
49163,fear
2243,anger
3734,love
39473,anger
2765,joy
5157,fear
839,joy
2384,anger
2375,anger
3826,fear
1620,sadness
2444,fear
32932,joy
3213,joy
35635,joy
4369,anger
7170,joy
3442,joy
3915,sadness
1959,anger
8542,joy
2329,anger
15279,joy
2972,sadness
3192,sadness
34324,joy
3633,joy
1671,joy
41916,anger
1585,anger
16602,sadness
3066,anger
5992,joy
3835,love
5904,joy
3905,joy
4451,joy
3600,anger
35265,joy
25857,joy
2610,joy
5522,love
956,fear
10954,joy
35510,joy
3526,anger
6909,anger
4773,fear
2977,anger
7307,anger
4000,anger
13563,joy
39668,love
46491,fear
765,joy
39191,anger
2007,joy
2818,joy
4240,anger
2881,anger
2912,sadness
35328,joy
692,anger
2187,anger
3109,sadness
36790,fear
4608,love
36228,joy
10595,anger
3842,fear
1404,love
3587,joy
36269,joy
2065,joy
40885,anger
10527,sadness
33434,joy
1244,fear
4808,joy
4357,love
50285,joy
3474,joy
38715,anger
3527,joy
2933,sadness
37324,fear
3370,love
3472,joy
40587,fear
42187,anger
3945,anger
1027,joy
36290,anger
5645,sadness
3921,anger
35230,anger
36913,sadness
38744,anger
828,love
5107,joy
11735,joy
3853,fear
2882,joy
32934,joy
2055,fear
7364,joy
36252,fear
1771,joy
21707,joy
3036,fear
2146,anger
36184,anger
1284,anger
1820,anger
2008,fear
42946,surprise
4379,anger
1155,sadness
2260,anger
10639,sadness
5589,love
5576,anger
3379,fear
1883,joy
2820,anger
3063,fear
44050,joy
1644,sadness
9491,anger
1580,anger
1314,anger
8228,sadness
2338,joy
5238,joy
40062,anger
8533,sadness
28595,joy
38260,anger
5613,joy
4187,sadness
1627,anger
681,fear
36827,joy
4943,love
1621,joy
7666,anger
1667,fear
3586,sadness
9855,joy
3300,joy
3751,sadness
2779,anger
4923,anger
42128,joy
41917,fear
1537,anger
2440,joy
4541,anger
3900,joy
9324,surprise
3534,joy
2049,joy
3583,love
2072,joy
8275,anger
29347,joy
3463,fear
38473,fear
2790,sadness
3505,anger
31919,sadness
30921,fear
1891,fear
5997,anger
5673,joy
42641,anger
26053,sadness
5401,anger
11017,joy
39416,anger
10528,joy
4017,anger
2003,fear
10723,sadness
6119,joy
41381,joy
1885,joy
2278,joy
32397,love
1947,fear
2901,anger
7867,joy
16906,anger
4210,joy
3093,anger
33508,fear
4463,anger
2716,joy
4339,sadness
1528,anger
36890,joy
2721,fear
5383,fear
1962,anger
592,joy
4558,anger
35113,joy
2757,joy
4488,anger
36566,anger
796,joy
3023,fear
3377,joy
4675,fear
7112,joy
6932,anger
2624,sadness
9154,anger
8500,sadness
48455,joy
17897,joy
2771,anger
3531,fear
34348,joy
50416,joy
5554,anger
34489,joy
2612,fear
4700,anger
5584,joy
39419,joy
29517,joy
19401,joy
1176,fear
1938,fear
27785,anger
2567,joy
7610,joy
6031,anger
40876,anger
36520,joy
3203,love
2318,anger
4761,anger
13303,anger
3185,joy
3116,joy
34888,fear
38556,anger
3556,anger
2368,fear
2690,anger
1058,joy
3675,fear
2718,joy
3025,joy
4498,sadness
2892,anger
42829,joy
7809,joy
3563,anger
3064,joy
3082,love
1937,joy
34678,joy
49059,joy
6718,anger
1713,sadness
1705,anger
36749,sadness
42220,anger
32376,joy
1867,sadness
7171,fear
3065,fear
2456,joy
2791,joy
36791,fear
4723,joy
2839,anger
34948,joy
3384,anger
3320,joy
4393,anger
40517,sadness
3811,sadness
2785,fear
4487,sadness
3619,fear
5023,fear
33438,anger
4524,anger
44065,sadness
3968,fear
3760,joy
4211,anger
5217,joy
402,fear
5763,anger
10526,anger
40969,joy
5399,fear
37174,love
3676,joy
1643,anger
34471,anger
4439,joy
32927,fear
4774,anger
2373,fear
51225,joy
8812,love
3910,love
40217,sadness
42285,joy
3752,joy
38367,joy
36577,joy
36297,joy
6680,anger
42855,anger
1159,fear
38028,anger
38881,anger
2079,joy
3313,joy
19825,joy
20547,joy
4044,joy
4729,sadness
30920,sadness
14059,fear
2874,anger
2545,joy
39763,joy
8123,joy
21663,anger
1897,anger
2487,anger
2066,anger
37915,joy
31777,fear
17887,fear
4484,love
4490,joy
4340,joy
30473,fear
39849,fear
32247,joy
45196,joy
50379,anger
12481,anger
2059,joy
5117,joy
23063,fear
30954,joy
3935,anger
23059,sadness
7811,fear
1933,joy
2052,joy
2190,anger
3902,joy
33755,joy
4459,anger
6462,sadness
42947,joy
3951,sadness
2501,surprise
2956,anger
41555,joy
34835,fear
42449,joy
5873,joy
6331,joy
38918,sadness
4697,fear
5646,fear
30842,joy
4586,joy
8765,love
4855,anger
1855,surprise
38783,joy
4479,fear
2208,joy
33702,joy
4266,sadness
4537,anger
5052,fear
3550,joy
37706,anger
3460,joy
2679,anger
3639,fear
3178,joy
37784,joy
5136,anger
5403,joy
10463,joy
7793,anger
1936,joy
2815,anger
34905,sadness
8952,joy
2783,anger
38361,joy
2851,sadness
31829,anger
8216,anger
2915,joy
1402,joy
5203,joy
3816,joy
3562,anger
39490,sadness
10342,joy
1833,fear
47537,anger
37189,joy
10036,joy
50418,joy
2480,anger
9837,sadness
8643,fear
4603,joy
4400,fear
3094,sadness
3819,anger
38540,joy
2777,anger
49533,sadness
15961,anger
9348,surprise
35971,fear
23387,joy
1499,sadness
2282,joy
8546,fear
1986,joy
3104,anger
5398,sadness
2990,joy
7786,joy
2082,True
27539,joy
2936,joy
4567,joy
38678,joy
36732,fear
48365,joy
5273,joy
2339,fear
34314,joy
48441,joy
3895,joy
37562,sadness
33232,anger
4820,joy
38279,anger
7818,sadness
8181,anger
6028,fear
3661,joy
35465,joy
20385,anger
2837,anger
2740,joy
42136,joy
6670,joy
3533,joy
7257,fear
44062,joy
32832,sadness
32222,joy
21179,anger
15347,joy
1740,anger
2054,joy
36155,joy
4411,fear
36447,anger
32058,joy
3877,fear
5662,anger
32888,sadness
8079,joy
2069,anger
2095,sadness
5926,fear
4260,joy
3070,anger
8889,love
32670,love
5293,anger
37969,joy
34151,joy
4929,anger
36714,anger
36728,love
2443,anger
9773,joy
5133,fear
6636,joy
2058,fear
3425,joy
38056,joy
2466,anger
35018,joy
4867,fear
41802,anger
33357,sadness
5476,sadness
3827,joy
3396,joy
2885,anger
2778,love
2428,anger
11799,surprise
5631,sadness
5090,surprise
38490,sadness
2334,love
8855,joy
31738,sadness
21471,joy
9013,love
29617,anger
12965,joy
2455,joy
3075,joy
4848,surprise
39731,anger
11685,anger
3584,joy
40329,joy
2382,sadness
7667,joy
25915,sadness
6390,anger
3765,joy
2838,anger
6452,anger
7122,anger
48391,surprise
8450,joy
12663,fear
4928,joy
8598,anger
10355,sadness
36742,anger
32521,joy
37186,sadness
3806,anger
39735,joy
3605,joy
5439,sadness
44212,joy
2045,joy
3735,surprise
5620,anger
2697,anger
6939,joy
6832,fear
6861,anger
9526,sadness
8215,anger
28041,anger
50284,sadness
43694,joy
2794,anger
41339,joy
4074,joy
5609,joy
30923,joy
28377,fear
2081,fear
50384,anger
10346,joy
6056,anger
4085,anger
3541,joy
39250,fear
2714,joy
4692,anger
14231,anger
8547,sadness
47044,joy
49426,joy
38469,anger
2689,joy
4250,fear
38024,sadness
2101,sadness
7810,joy
4014,fear
3435,joy
1712,anger
1990,anger
10524,joy
10207,fear
29722,joy
49834,sadness
33305,sadness
6060,anger
3542,fear
8162,fear
4132,sadness
9356,joy
7479,sadness
5920,anger
38386,joy
11835,anger
7816,fear
2758,anger
30324,joy
20951,joy
32582,anger
4390,anger
2538,sadness
36646,joy
2074,surprise
41632,anger
38403,sadness
31539,love
4933,anger
5322,joy
40124,joy
33239,joy
4934,anger
36993,joy
41062,fear
33396,fear
3567,joy
12769,joy
6181,joy
42295,surprise
4680,anger
30386,sadness
40014,joy
5395,fear
43626,joy
18557,anger
3983,joy
38489,fear
38057,anger
8550,joy
14247,sadness
12561,joy
5006,anger
5285,sadness
5190,sadness
39581,anger
5566,fear
2092,fear
37938,sadness
6067,joy
12951,joy
6571,joy
6835,anger
3691,anger
4927,anger
10250,joy
4534,fear
3147,anger
8993,joy
10511,joy
24847,anger
29687,anger
38899,joy
39020,joy
48917,joy
8554,fear
38285,joy
37933,joy
6087,fear
35004,joy
10115,fear
11841,anger
4536,anger
6078,joy
12141,joy
31471,joy
1872,anger
35624,joy
4817,anger
50183,anger
12795,anger
7258,surprise
27943,joy
9916,anger
12851,fear
39339,joy
35219,sadness
38100,joy
31373,joy
2093,anger
6419,anger
4819,joy
42476,joy
33761,fear
35501,anger
2080,sadness
33904,joy
6075,surprise
3113,joy
12603,anger
6557,sadness
2578,fear
3214,joy
41480,anger
7843,fear
6937,joy
3315,anger
49743,joy
7169,joy
33801,fear
37643,anger
2916,anger
9177,anger
4554,anger
7575,love
22157,joy
10105,anger
5235,joy
2737,anger
5375,anger
3932,fear
37934,joy
3936,sadness
2096,sadness
29984,sadness
4242,anger
4244,anger
48392,joy
36705,anger
8333,sadness
4073,fear
3879,anger
7664,anger
6428,anger
3235,anger
24275,anger
5249,sadness
2086,anger
2388,anger
12905,fear
2085,sadness
29910,anger
39067,joy
1552,joy
4991,sadness
10904,sadness
9239,fear
5927,anger
49164,anger
32563,joy
3355,joy
5151,fear
37671,sadness
9257,anger
42291,anger
27573,anger
15389,joy
41807,joy
6000,anger
6836,love
4737,sadness
16756,joy
23409,joy
12351,joy
7621,sadness
37717,anger
6093,joy
49849,joy
11561,joy
3267,joy
8194,anger
6015,joy
8285,joy
36639,joy
42955,surprise
4394,anger
1892,fear
11541,joy
3546,joy
7915,anger
37082,joy
8706,fear
2232,anger
9691,fear
13047,joy
21999,anger
7259,anger
3513,joy
3022,joy
5928,joy
9824,fear
38059,joy
6062,anger
7155,anger
34502,joy
41217,sadness
5561,joy
3763,love
5876,fear
7106,sadness
37124,joy
38562,love
3873,joy
40035,joy
17689,joy
38348,sadness
3947,sadness
40249,joy
3514,anger
20469,sadness
24527,anger
6625,joy
2091,joy
23051,sadness
9613,fear
2814,sadness
17211,joy
38461,anger
42836,joy
41137,fear
4733,sadness
9521,anger
30665,joy
50470,sadness
9858,anger
5934,joy
35652,fear
5933,anger
39479,joy
34741,joy
28641,joy
30086,joy
6829,sadness
1745,anger
8663,joy
5612,love
10540,sadness
2749,joy
35284,joy
6012,anger
3762,fear
10224,anger
8496,love
11995,anger
38063,joy
49835,joy
6855,anger
39851,fear
17697,joy
5665,anger
42268,joy
4917,joy
5871,sadness
3530,sadness
11537,sadness
3361,anger
3596,anger
48425,fear
5923,anger
14181,joy
6674,joy
47403,sadness
3768,joy
7477,joy
39414,joy
3876,fear
3290,anger
3778,joy
4101,anger
5990,joy
3643,anger
4967,anger
3690,joy
16247,anger
10718,fear
6095,joy
7616,sadness
3280,joy
4681,sadness
22757,fear
42148,joy
5022,sadness
33130,anger
30916,anger
1333,joy
10435,anger
48845,joy
38632,anger
11767,fear
35650,anger
7255,love
38164,joy
35859,anger
9976,joy
42488,joy
36644,anger
2503,fear
34622,sadness
8783,anger
34292,joy
3808,joy
4395,anger
6183,joy
2258,anger
33266,love
2073,joy
10313,joy
49423,fear
42914,joy
43684,joy
31107,joy
31965,fear
9318,joy
9519,fear
37290,joy
6970,anger
49448,anger
4013,joy
7876,joy
9282,surprise
36666,anger
3020,joy
8041,love
44513,joy
2566,surprise
36164,sadness
5921,anger
10562,sadness
37923,love
8156,joy
39363,joy
50221,joy
33454,joy
30512,joy
40779,joy
36730,joy
37780,joy
2732,anger
39840,anger
5535,surprise
9106,joy
50411,anger
28639,joy
34410,joy
4599,joy
34862,joy
36145,joy
37112,joy
34140,anger
5889,fear
5935,anger
7530,joy
5833,joy
33599,fear
28831,joy
10481,joy
40469,anger
23061,anger
3497,anger
33777,sadness
3433,joy
6366,anger
35432,fear
8442,sadness
9095,joy
3496,joy
5278,joy
37179,surprise
13299,fear
33704,joy
4574,anger
50060,joy
44411,anger
37334,joy
15937,joy
28143,love
7092,joy
48759,sadness
5573,fear
34346,anger
18133,joy
41421,fear
23065,love
8774,joy
3723,anger
25393,sadness
42485,joy
16251,fear
6629,sadness
3275,sadness
3812,joy
15743,joy
3276,fear
40983,joy
36226,joy
9531,anger
33760,joy
1139,joy
40568,joy
34179,joy
32230,anger
36528,sadness
23053,True
47623,fear
19925,anger
36423,fear
12039,joy
31202,surprise
41440,anger
5956,sadness
3813,fear
36661,sadness
5013,anger
3630,fear
23825,joy
8745,anger
32751,fear
9525,sadness
5088,joy
16255,fear
33238,anger
37177,fear
40367,fear
17823,joy
8953,sadness
33493,joy
5895,joy
35158,joy
48942,joy
21107,joy
5492,anger
35402,anger
11043,fear
14211,joy
41545,joy
39978,sadness
4504,anger
37968,joy
9520,fear
30659,sadness
6658,joy
22943,joy
9801,joy
7488,anger
6848,joy
30489,anger
36588,anger
50689,sadness
24093,anger
43727,joy
5799,love
35594,fear
7247,joy
8130,joy
31246,anger
7523,joy
9947,joy
4782,anger
7445,joy
6842,anger
35137,joy
9905,joy
36979,anger
1547,fear
3279,anger
34764,joy
32251,anger
10199,joy
18723,sadness
49716,anger
11693,joy
41854,joy
36865,joy
30420,anger
7446,joy
24985,joy
26081,anger
17615,fear
40823,anger
7551,fear
32943,anger
39833,sadness
10114,sadness
5240,sadness
37787,anger
41215,sadness
36152,joy
32956,joy
42004,anger
8842,anger
50762,fear
46639,love
35745,joy
10353,joy
25049,joy
37467,fear
17295,sadness
33271,love
49376,joy
4470,anger
25293,joy
34309,joy
34985,joy
6447,anger
32385,joy
38272,joy
35025,anger
9781,fear
7617,fear
6518,joy
5018,joy
45643,joy
42082,anger
38219,joy
7626,joy
35625,joy
8848,anger
49952,anger
32831,anger
30738,sadness
8176,joy
33762,sadness
33757,anger
32944,joy
38545,joy
33723,joy
34782,fear
28247,joy
16514,joy
10349,joy
31164,joy
48605,joy
31235,sadness
37431,joy
37249,anger
10607,joy
17165,joy
19121,anger
7504,anger
6412,joy
9390,anger
36624,joy
7696,anger
32596,anger
22465,joy
17621,fear
40799,joy
35586,fear
34129,anger
35405,joy
8065,anger
12521,sadness
30863,anger
39559,anger
35447,joy
39272,joy
39031,joy
40040,sadness
39918,joy
9389,surprise
31903,joy
23089,sadness
13551,joy
35933,joy
38196,sadness
23055,joy
34840,joy
4660,joy
12259,anger
10045,anger
12037,anger
25461,joy
29764,anger
39621,joy
32568,fear
23555,anger
16728,anger
12657,fear
33548,True
41920,joy
35444,anger
42074,joy
8829,joy
42737,joy
8799,joy
30249,anger
48606,joy
32999,love
7752,joy
35139,joy
34724,fear
15211,joy
30777,joy
38045,joy
36866,anger
19681,sadness
5821,joy
35443,joy
4131,fear
5810,joy
34456,surprise
5886,fear
42899,sadness
30571,joy
2173,joy
17989,anger
7646,joy
12799,fear
34198,sadness
7354,joy
37792,joy
10077,joy
50430,love
36018,joy
25033,love
49851,joy
16303,anger
7423,love
8415,anger
42890,joy
19687,anger
44075,anger
36427,sadness
33937,joy
19781,anger
32876,joy
16393,anger
41135,fear
29988,fear
9028,surprise
7252,sadness
29605,joy
18227,joy
24845,joy
32259,joy
4940,sadness
39116,fear
31236,sadness
35651,joy
30217,sadness
6579,joy
41547,joy
33538,joy
30289,joy
30122,joy
37843,love
13089,love
7844,joy
7189,joy
50462,joy
25173,joy
3251,anger
41220,joy
9212,anger
8955,anger
37280,anger
9496,anger
10210,joy
37246,anger
19585,fear
37626,joy
50136,sadness
28035,anger
38346,joy
26015,anger
33828,joy
2712,joy
25963,anger
33473,anger
31972,fear
40377,joy
10627,joy
38446,sadness
15823,joy
39663,joy
22541,joy
40423,anger
27589,joy
35408,joy
6261,joy
38579,fear
34721,anger
35128,fear
13817,anger
7177,joy
23661,sadness
31211,fear
38485,joy
40163,sadness
39369,fear
30144,fear
12791,anger
35517,joy
23511,joy
34877,joy
42142,anger
42804,joy
30803,joy
9500,fear
9973,anger
31555,joy
41080,fear
33552,joy
10797,joy
45195,sadness
40238,joy
22675,joy
51013,fear
34716,anger
36771,fear
33705,sadness
44752,anger
29846,love
21129,joy
23975,joy
27575,anger
36073,joy
10889,anger
34746,anger
33547,anger
28685,anger
42522,sadness
34120,fear
36626,love
29603,joy
36571,love
5192,anger
39464,joy
5473,joy
9558,True
9371,fear
15139,fear
42491,joy
29623,joy
33551,joy
29551,joy
6701,sadness
38705,anger
28305,joy
8561,anger
27915,joy
34929,joy
22247,joy
35610,sadness
34674,fear
40721,fear
7524,sadness
36410,love
19445,joy
32144,joy
28989,fear
30664,anger
38674,joy
31054,joy
36623,anger
50522,anger
29609,anger
18743,anger
23013,joy
42658,fear
35386,sadness
17835,fear
26017,anger
12899,joy
4598,joy
46924,sadness
31898,joy
9455,anger
36552,surprise
5374,anger
42784,sadness
34817,joy
28987,joy
10987,anger
31463,anger
41203,joy
30378,joy
40412,joy
20083,joy
29825,joy
41686,joy
32107,joy
38147,fear
23699,anger
38857,joy
50604,fear
23639,sadness
4220,sadness
24881,fear
7529,anger
33936,joy
47618,love
20125,anger
36127,joy
38603,joy
7713,anger
28983,fear
7856,fear
29555,joy
4218,joy
42906,anger
13179,fear
35215,sadness
30210,joy
38711,joy
32660,joy
33835,joy
9426,joy
39679,anger
32636,sadness
37777,anger
23819,joy
34476,anger
10887,anger
34982,sadness
28827,joy
38776,joy
17469,joy
28427,joy
32143,joy
39027,anger
35401,sadness
37468,joy
39364,fear
12807,joy
23721,fear
9948,joy
8191,True
41192,joy
38368,joy
34527,joy
49806,anger
20001,love
40808,surprise
35981,sadness
12391,fear
16526,anger
18389,surprise
35612,fear
39360,joy
48000,surprise
35920,joy
33763,sadness
49774,sadness
36731,anger
44848,surprise
38919,anger
31892,fear
35379,anger
31361,joy
35213,joy
38023,joy
37752,sadness
34488,anger
39703,anger
37225,fear
35142,joy
39697,joy
38510,joy
32149,sadness
32889,anger
33739,anger
37167,joy
6124,joy
48992,joy
37263,joy
7211,joy
36712,anger
34233,surprise
35138,fear
32136,anger
33085,joy
30342,joy
8644,joy
36622,joy
35074,fear
37664,anger
35409,joy
35475,joy
40033,joy
20799,joy
32593,joy
35398,anger
50444,joy
42331,surprise
34719,joy
35858,anger
35921,fear
18377,joy
32145,joy
35643,anger
31730,joy
37775,anger
36132,joy
32221,fear
30204,joy
37665,anger
38025,joy
13457,joy
41250,anger
36973,joy
32835,joy
33670,anger
49197,joy
48645,joy
31599,joy
37409,joy
37854,joy
37776,love
32890,joy
36130,joy
29395,anger
5594,joy
38683,anger
32897,joy
40376,joy
41638,joy
33534,fear
41096,anger
41384,anger
34038,anger
5916,sadness
23643,joy
32809,joy
32255,anger
36740,joy
34690,joy
31239,joy
37535,joy
50581,anger
39351,joy
38773,joy
37460,joy
34845,joy
37647,joy
37753,joy
33703,fear
13465,anger
39328,joy
33867,joy
35131,fear
29397,joy
48575,joy
23973,anger
41335,fear
35047,joy
33980,anger
38525,joy
34416,joy
37876,joy
37453,joy
38070,joy
39401,anger
3243,joy
41101,joy
40645,sadness
35141,joy
33176,joy
36954,joy
39611,sadness
22413,sadness
37827,joy
32820,joy
44588,joy
38821,joy
37115,anger
37750,joy
41102,sadness
32819,joy
40301,joy
31746,joy
34328,joy
39762,joy
36592,joy
29928,joy
23085,sadness
13165,joy
36964,joy
13511,love
34373,anger
38497,anger
26285,anger
35317,joy
34600,joy
36163,joy
50565,anger
37146,love
27393,joy
39413,sadness
34841,love
39037,anger
49977,joy
30754,joy
34249,sadness
49221,joy
32630,joy
42834,joy
31052,fear
37790,joy
32920,anger
42835,love
41542,joy
19559,anger
33753,anger
37667,anger
39841,joy
38153,joy
36575,joy
33237,joy
29751,joy
39331,joy
51008,joy
15971,joy
50588,sadness
37751,joy
40342,joy
50925,anger
34286,surprise
35372,surprise
41280,joy
8192,joy
35312,anger
34629,joy
35976,joy
39358,joy
27551,joy
37145,joy
40302,anger
38493,joy
39839,anger
39271,anger
31135,anger
38729,anger
35287,joy
37678,surprise
35890,joy
35234,anger
40474,joy
40078,joy
25599,joy
32628,joy
38407,joy
30154,joy
36486,anger
33525,joy
19457,fear
36657,joy
35817,fear
37428,joy
50501,anger
33079,joy
37028,joy
23537,anger
37358,joy
38496,joy
51263,fear
35996,fear
40361,joy
39566,joy
39110,joy
39032,anger
36099,anger
33480,surprise
39013,sadness
18773,anger
36905,anger
19311,anger
40142,joy
36573,joy
33465,anger
36582,joy
35590,joy
31690,anger
34935,sadness
50378,joy
37101,joy
41115,anger
35367,sadness
38622,anger
36016,joy
39562,joy
38925,joy
35527,joy
39704,fear
34990,joy
37102,joy
38805,joy
31205,anger
35306,joy
33888,joy
38506,joy
42168,joy
35227,joy
50110,surprise
38743,joy
19325,anger
38384,joy
48452,joy
22279,joy
37336,joy
36584,joy
39798,joy
28119,joy
41808,joy
37100,joy
36843,anger
38131,anger
49668,joy
38933,joy
34258,anger
33691,joy
42460,joy
40642,sadness
37852,joy
29987,anger
38611,fear
35442,joy
50572,joy
36443,joy
44053,joy
40155,joy
32227,sadness
35133,joy
36947,surprise
34743,anger
37099,anger
36543,joy
38511,joy
38099,joy
38867,joy
50603,sadness
33864,joy
40141,anger
50849,anger
32823,fear
40832,joy
31020,joy
37098,fear
45584,anger
40812,fear
36549,anger
35702,sadness
48421,anger
38075,surprise
35528,sadness
38128,anger
50657,anger
38073,sadness
35454,anger
33077,joy
39711,fear
38849,sadness
38299,joy
34092,joy
40393,joy
41822,anger
33982,joy
41460,sadness
41276,anger
46808,joy
50141,anger
34037,joy
35032,joy
31924,joy
40482,fear
37097,joy
34664,fear
42740,joy
37165,joy
34726,joy
34696,joy
39474,joy
34850,anger
39536,anger
34691,joy
38420,joy
40868,joy
39450,joy
38136,anger
34790,anger
42297,anger
33083,joy
41504,joy
42354,joy
41136,anger
38048,sadness
34112,sadness
37020,fear
34744,joy
36161,anger
34700,joy
34592,anger
35205,fear
40737,joy
38312,anger
25605,fear
35616,anger
42463,sadness
38135,joy
40103,love
32796,fear
40182,love
38140,joy
38133,anger
41118,fear
36583,joy
36585,sadness
38134,sadness
35912,fear
37337,joy
35270,sadness
38137,fear
39119,joy
41374,love
34091,joy
38132,joy
31694,joy
38097,joy
34665,joy
32797,sadness
48844,fear
35913,fear
42948,surprise
41635,sadness
36851,joy
37875,sadness
41667,joy
33849,joy
37878,joy
33539,joy
35641,joy
38194,sadness
50510,anger
36221,joy
35022,love
34666,joy
42332,sadness
35031,sadness
38623,joy
40570,fear
37801,joy
41054,joy
37454,joy
36036,fear
49314,sadness
42484,joy
34667,joy
41459,joy
40479,joy
38828,joy
42998,sadness
42576,surprise
40440,fear
34340,joy
36572,joy
45997,joy
50398,sadness
40495,sadness
40030,sadness
34248,anger
37942,joy
49742,surprise
42654,joy
39036,anger
35910,anger
48343,joy
42172,joy
42061,joy
38614,anger
38352,joy
39827,joy
40439,anger
42840,joy
37941,anger
49182,surprise
34417,joy
42330,joy
45935,surprise
42660,joy
35799,joy
39664,joy
38613,joy
36167,fear
42358,joy
38552,joy
40641,joy
35368,love
48386,fear
41745,joy
35093,sadness
49796,sadness
43704,anger
51300,joy
50681,joy
39034,joy
35105,joy
41277,joy
48899,joy
38848,love
41114,joy
34183,joy
42547,joy
38847,sadness
37228,anger
39153,fear
39541,joy
48312,joy
42027,joy
49445,joy
40990,anger
45583,fear
45582,surprise
39343,sadness
42457,joy
48586,joy
47634,sadness
37892,joy
43429,joy
35633,joy
42274,sadness
41464,joy
49814,sadness
50644,fear
42513,fear
42193,sadness
40273,fear
34531,joy
41097,joy
41546,joy
38484,joy
39546,joy
35021,anger
35175,joy
41156,anger
50326,sadness
49956,sadness
41158,joy
34342,fear
43432,sadness
39090,anger
36314,anger
39033,joy
45627,joy
49983,surprise
49984,sadness
41159,joy
42466,joy
42542,joy
40365,joy
36310,sadness
39151,anger
39091,joy
39408,anger
39156,anger
41113,joy
39409,sadness
51236,anger
48310,anger
39625,joy
48909,anger
41184,anger
49198,joy
39145,joy
39256,joy
50621,love
51071,fear
42164,joy
43217,joy
39505,joy
39229,anger
48420,anger
49379,joy
49194,anger
43430,joy
49196,joy
49326,joy
43224,anger
49099,joy
49697,joy
48321,joy
43222,fear
48884,joy
43215,anger
48338,anger
43218,sadness
43488,anger
51154,joy
49728,love
49195,anger
43347,sadness
50343,anger
49700,joy
50606,fear
50953,fear
51307,joy
50583,sadness
51306,anger
50985,love
44429,joy
51051,joy
51293,joy
50999,joy
50891,fear
51125,joy
50299,anger
51116,joy
50869,joy
50796,anger
51213,anger
42083,joy
51064,fear
50668,anger
50695,joy
50313,joy
50923,joy
50201,joy
50582,joy
50593,fear
51128,joy
50955,joy
50739,anger
50120,anger
51145,joy
51297,fear
49498,anger
50613,anger
51065,joy
49627,joy
50241,sadness
51252,sadness
50594,joy
50760,joy
51234,joy
50710,anger
50553,sadness
